File Prefix,Item,Data Item,Begin,End,Type,Length,Remarks,Record Type,Version,First Month,Last Month
hdailyllmni,1,Record Type,1,1,Character,1,X,H,2.4,201803,209912
hdailyllmni,2,File Name,2,23,Character,22,X(22),H,2.4,201803,209912
hdailyllmni,3,File Number,24,26,Numeric,3,9(3),H,2.4,201803,209912
hdailyllmni,4,File Correction Flag,27,27,Character,1,X,H,2.4,201803,209912
hdailyllmni,5,As-Of Date,28,33,Numeric,6,9(6),H,2.4,201803,209912
hdailyllmni,6,Date File Generated,34,41,Numeric,8,9(8),H,2.4,201803,209912
hdailyllmni,1,Record Type,1,1,Character,1,X,P,2.4,201803,209912
hdailyllmni,2,CUSIP Number,2,10,Character,9,X(9),P,2.4,201803,209912
hdailyllmni,3,Pool ID,11,16,Character,6,X(6),P,2.4,201803,209912
hdailyllmni,4,Issue Type,17,17,Character,1,X,P,2.4,201803,209912
hdailyllmni,5,Pool Type,18,19,Character,2,X(2),P,2.4,201803,209912
hdailyllmni,6,Pool Issue Date,20,27,Numeric,8,9(8),P,2.4,201803,209912
hdailyllmni,7,Issuer ID,28,31,Numeric,4,9(4),P,2.4,201803,209912
hdailyllmni,8,As-Of Date,32,37,Numeric,6,9(6),P,2.4,201803,209912
hdailyllmni,1,Record Type,1,1,Character,1,X,L,2.4,201803,209912
hdailyllmni,2,Pool ID,2,7,Character,6,X(6),L,2.4,201803,209912
hdailyllmni,3,Issuer ID,8,11,Numeric,4,9(4),L,2.4,201803,209912
hdailyllmni,4,Disclosure Sequence Number,12,21,Numeric,10,9(10),L,2.4,201803,209912
hdailyllmni,5,Sequence Number Suffix,22,24,Numeric,3,9(3),L,2.4,201803,209912
hdailyllmni,6,Property Type Code,25,25,Numeric,1,9,L,2.4,201803,209912
hdailyllmni,7,Original Principal Limit,26,37,Numeric,12,9(10)v9(2),L,2.4,201803,209912
hdailyllmni,8,Current Principal Limit,38,49,Numeric,12,9(10)v9(2),L,2.4,201803,209912
hdailyllmni,9,Reserved/Filler,50,51,Numeric,2,9(2),L,2.4,201803,209912
hdailyllmni,10,Payment Reason Code,52,53,Numeric,2,9(2),L,2.4,201803,209912
hdailyllmni,11,Original HECM Loan Balance,54,65,Numeric,12,9(10)v9(2),L,2.4,201803,209912
hdailyllmni,12,Current HECM Loan Balance,66,77,Numeric,12,9(10)v9(2),L,2.4,201803,209912
hdailyllmni,13,Mortgage Margin,78,82,Numeric,5,9(2)v9(3),L,2.4,201803,209912
hdailyllmni,14,Rate Reset Frequency,83,83,Character,1,X,L,2.4,201803,209912
hdailyllmni,15,Servicing Fee Margin,84,87,Numeric,4,9v9(3),L,2.4,201803,209912
hdailyllmni,16,Borrower 1 Age at Pool Issuance,88,90,Numeric,3,9(3),L,2.4,201803,209912
hdailyllmni,17,Borrower 2 Age at Pool Issuance,91,93,Numeric,3,9(3),L,2.4,201803,209912
hdailyllmni,18,MSA,94,98,Numeric,5,9(5),L,2.4,201803,209912
hdailyllmni,19,HECM Loan Original Interest Rate,99,103,Numeric,5,9(2)v9(3),L,2.4,201803,209912
hdailyllmni,20,HECM Loan Current Interest Rate,104,108,Numeric,5,9(2)v9(3),L,2.4,201803,209912
hdailyllmni,21,Participation UPB,109,120,Numeric,12,9(10)v9(2),L,2.4,201803,209912
hdailyllmni,22,Participation Interest Rate,121,125,Numeric,5,9(2)v9(3),L,2.4,201803,209912
hdailyllmni,23,Loan Servicing Fee Code,126,126,Numeric,1,9,L,2.4,201803,209912
hdailyllmni,24,Expected Average Mortgage Interest Rate,127,131,Numeric,5,9(2)v9(3),L,2.4,201803,209912
hdailyllmni,25,Servicing Fee Set Aside Amount,132,143,Numeric,12,9(10)v9(2),L,2.4,201803,209912
hdailyllmni,26,HECM Original Funding Date,144,149,Numeric,6,9(6),L,2.4,201803,209912
hdailyllmni,27,Filler,150,151,Character,2,X(2),L,2.4,201803,209912
hdailyllmni,28,Property Valuation Amount,152,163,Numeric,12,9(10)v9(2),L,2.4,201803,209912
hdailyllmni,29,Original Term of Payments,164,166,Numeric,3,9(3),L,2.4,201803,209912
hdailyllmni,30,Property Charges Set Aside Amount,167,178,Numeric,12,9(10)v9(2),L,2.4,201803,209912
hdailyllmni,31,Property Repair Set Aside Amount,179,190,Numeric,12,9(10)v9(2),L,2.4,201803,209912
hdailyllmni,32,Property Valuation Effective Date,191,198,Numeric,8,9(8),L,2.4,201803,209912
hdailyllmni,33,Loan Origination Company,199,228,Character,30,X(30),L,2.4,201803,209912
hdailyllmni,34,HECM Loan Purpose Code,229,229,Numeric,1,9,L,2.4,201803,209912
hdailyllmni,35,HECM Loan Payment Option Code,230,230,Numeric,1,9,L,2.4,201803,209912
hdailyllmni,36,HECM Saver Flag,231,231,Character,1,X,L,2.4,201803,209912
hdailyllmni,37,Original Available Line of Credit Amount,232,243,Numeric,12,9(10)v9(2),L,2.4,201803,209912
hdailyllmni,38,Original Draw Amount,244,255,Numeric,12,9(10)v9(2),L,2.4,201803,209912
hdailyllmni,39,Mortgage Servicer,256,265,Character,10,X(10),L,2.4,201803,209912
hdailyllmni,40,Lifetime Floor Rate,266,270,Numeric,5,9(2)v9(3),L,2.4,201803,209912
hdailyllmni,41,Remaining Available Line of Credit Amount,271,282,Numeric,12,9(10)v9(2),L,2.4,201803,209912
hdailyllmni,42,Monthly Servicing Fee Amount,283,294,Numeric,12,9(10)v9(2),L,2.4,201803,209912
hdailyllmni,43,Monthly Scheduled Payment Amount,295,306,Numeric,12,9(10)v9(2),L,2.4,201803,209912
hdailyllmni,44,Remaining Term of Payments,307,309,Numeric,3,9(3),L,2.4,201803,209912
hdailyllmni,45,Initial Change Date,310,317,Numeric,8,9(8),L,2.4,201803,209912
hdailyllmni,46,Credit Line Set Aside Amount,318,329,Numeric,12,9(10)v9(2),L,2.4,201803,209912
hdailyllmni,47,MIP Basis Points,330,332,Numeric,3,9(3),L,2.4,201803,209912
hdailyllmni,48,Maximum Claim Amount,333,345,Numeric,13,9(11)v9(2),L,2.4,201803,209912
hdailyllmni,49,Lifetime Interest Rate Change Cap,346,347,Numeric,2,9(2),L,2.4,201803,209912
hdailyllmni,50,Reset Months,348,349,Numeric,2,9(2),L,2.4,201803,209912
hdailyllmni,51,Current Month Liquidation Flag,350,350,Character,1,X,L,2.4,201803,209912
hdailyllmni,52,Eligible Non-borrowing Spouse,351,351,Character,1,X,L,2.4,201803,209912
hdailyllmni,53,Mandatory Property Charges Set Aside,352,352,Character,1,X,L,2.4,201803,209912
hdailyllmni,54,Annual Interest Rate Change Cap,353,354,Numeric,2,9(2),L,2.4,201803,209912
hdailyllmni,55,Maximum Interest Rate,355,359,Numeric,5,9(2)v9(3),L,2.4,201803,209912
hdailyllmni,56,Remaining Property Charges Set Aside,360,372,Numeric,13,9(11)v9(2),L,2.4,201803,209912
hdailyllmni,57,As-Of Date,373,378,Numeric,6,9(6),L,2.4,201803,209912
hdailyllmni,58,Initial Monthly Scheduled Payment,379,391,Numeric,13,9(11)v9(2),L,2.4,201803,209912
hdailyllmni,59,Initial Remaining Available Line of Credit,392,404,Numeric,13,9(11)v9(2),L,2.4,201803,209912
hdailyllmni,60,Adjustment Date,405,412,Numeric,8,9(8),L,2.4,201803,209912
hdailyllmni,1,Record Type,1,1,Character,1,X,T,2.4,201803,209912
hdailyllmni,2,CUSIP Number,2,10,Character,9,X(9),T,2.4,201803,209912
hdailyllmni,3,Pool ID,11,16,Character,6,X(6),T,2.4,201803,209912
hdailyllmni,4,Issue Type,17,17,Character,1,X,T,2.4,201803,209912
hdailyllmni,5,Pool Type,18,19,Character,2,X(2),T,2.4,201803,209912
hdailyllmni,6,Pool Issue Date,20,27,Numeric,8,9(8),T,2.4,201803,209912
hdailyllmni,7,Issuer ID,28,31,Numeric,4,9(4),T,2.4,201803,209912
hdailyllmni,8,As-Of Date,32,37,Numeric,6,9(6),T,2.4,201803,209912
hdailyllmni,9,Loan Count for the Pool,38,44,Numeric,7,9(7),T,2.4,201803,209912
hdailyllmni,1,Record Type,1,1,Character,1,X,Z,2.4,201803,209912
hdailyllmni,2,File Name,2,23,Character,22,X(22),Z,2.4,201803,209912
hdailyllmni,3,File Number,24,26,Numeric,3,9(3),Z,2.4,201803,209912
hdailyllmni,4,Count of Pools in this File,27,33,Numeric,7,9(7),Z,2.4,201803,209912
hdailyllmni,5,Count of Loans in this File,34,42,Numeric,9,9(9),Z,2.4,201803,209912
hdailyllmni,6,Total Record Count,43,51,Numeric,9,9(9),Z,2.4,201803,209912
hdailyllmni,7,As-Of Date,52,57,Numeric,6,9(6),Z,2.4,201803,209912
hdailyllmni,1,Record Type,1,1,Character,1,X,H,2.3,201712,201802
hdailyllmni,2,File Name,2,23,Character,22,X(22),H,2.3,201712,201802
hdailyllmni,3,File Number,24,26,Numeric,3,9(3),H,2.3,201712,201802
hdailyllmni,4,File Correction Flag,27,27,Character,1,X,H,2.3,201712,201802
hdailyllmni,5,As-Of Date,28,33,Numeric,6,9(6),H,2.3,201712,201802
hdailyllmni,6,Date File Generated,34,41,Numeric,8,9(8),H,2.3,201712,201802
hdailyllmni,1,Record Type,1,1,Character,1,X,P,2.3,201712,201802
hdailyllmni,2,CUSIP Number,2,10,Character,9,X(9),P,2.3,201712,201802
hdailyllmni,3,Pool ID,11,16,Character,6,X(6),P,2.3,201712,201802
hdailyllmni,4,Issue Type,17,17,Character,1,X,P,2.3,201712,201802
hdailyllmni,5,Pool Type,18,19,Character,2,X(2),P,2.3,201712,201802
hdailyllmni,6,Pool Issue Date,20,27,Numeric,8,9(8),P,2.3,201712,201802
hdailyllmni,7,Issuer ID,28,31,Numeric,4,9(4),P,2.3,201712,201802
hdailyllmni,8,As-Of Date,32,37,Numeric,6,9(6),P,2.3,201712,201802
hdailyllmni,1,Record Type,1,1,Character,1,X,L,2.3,201712,201802
hdailyllmni,2,Pool ID,2,7,Character,6,X(6),L,2.3,201712,201802
hdailyllmni,3,Issuer ID,8,11,Numeric,4,9(4),L,2.3,201712,201802
hdailyllmni,4,Disclosure Sequence Number,12,21,Numeric,10,9(10),L,2.3,201712,201802
hdailyllmni,5,Sequence Number Suffix,22,24,Numeric,3,9(3),L,2.3,201712,201802
hdailyllmni,6,Property Type Code,25,25,Numeric,1,9,L,2.3,201712,201802
hdailyllmni,7,Original Principal Limit,26,37,Numeric,12,9(10)v9(2),L,2.3,201712,201802
hdailyllmni,8,Current Principal Limit,38,49,Numeric,12,9(10)v9(2),L,2.3,201712,201802
hdailyllmni,9,Reserved/Filler,50,51,Numeric,2,9(2),L,2.3,201712,201802
hdailyllmni,10,Payment Reason Code,52,53,Numeric,2,9(2),L,2.3,201712,201802
hdailyllmni,11,Original HECM Loan Balance,54,65,Numeric,12,9(10)v9(2),L,2.3,201712,201802
hdailyllmni,12,Current HECM Loan Balance,66,77,Numeric,12,9(10)v9(2),L,2.3,201712,201802
hdailyllmni,13,Mortgage Margin,78,82,Numeric,5,9(2)v9(3),L,2.3,201712,201802
hdailyllmni,14,Rate Reset Frequency,83,83,Character,1,X,L,2.3,201712,201802
hdailyllmni,15,Servicing Fee Margin,84,87,Numeric,4,9v9(3),L,2.3,201712,201802
hdailyllmni,16,Borrower 1 Age at Pool Issuance,88,90,Numeric,3,9(3),L,2.3,201712,201802
hdailyllmni,17,Borrower 2 Age at Pool Issuance,91,93,Numeric,3,9(3),L,2.3,201712,201802
hdailyllmni,18,MSA,94,98,Numeric,5,9(5),L,2.3,201712,201802
hdailyllmni,19,HECM Loan Original Interest Rate,99,103,Numeric,5,9(2)v9(3),L,2.3,201712,201802
hdailyllmni,20,HECM Loan Current Interest Rate,104,108,Numeric,5,9(2)v9(3),L,2.3,201712,201802
hdailyllmni,21,Participation UPB,109,120,Numeric,12,9(10)v9(2),L,2.3,201712,201802
hdailyllmni,22,Participation Interest Rate,121,125,Numeric,5,9(2)v9(3),L,2.3,201712,201802
hdailyllmni,23,Loan Servicing Fee Code,126,126,Numeric,1,9,L,2.3,201712,201802
hdailyllmni,24,Expected Average Mortgage Interest Rate,127,131,Numeric,5,9(2)v9(3),L,2.3,201712,201802
hdailyllmni,25,Servicing Fee Set Aside Amount,132,143,Numeric,12,9(10)v9(2),L,2.3,201712,201802
hdailyllmni,26,HECM Original Funding Date,144,149,Numeric,6,9(6),L,2.3,201712,201802
hdailyllmni,27,Filler,150,151,Character,2,X(2),L,2.3,201712,201802
hdailyllmni,28,Property Valuation Amount,152,163,Numeric,12,9(10)v9(2),L,2.3,201712,201802
hdailyllmni,29,Original Term of Payments,164,166,Numeric,3,9(3),L,2.3,201712,201802
hdailyllmni,30,Property Charges Set Aside Amount,167,178,Numeric,12,9(10)v9(2),L,2.3,201712,201802
hdailyllmni,31,Property Repair Set Aside Amount,179,190,Numeric,12,9(10)v9(2),L,2.3,201712,201802
hdailyllmni,32,Property Valuation Effective Date,191,198,Numeric,8,9(8),L,2.3,201712,201802
hdailyllmni,33,Loan Origination Company,199,228,Character,30,X(30),L,2.3,201712,201802
hdailyllmni,34,HECM Loan Purpose Code,229,229,Numeric,1,9,L,2.3,201712,201802
hdailyllmni,35,HECM Loan Payment Option Code,230,230,Numeric,1,9,L,2.3,201712,201802
hdailyllmni,36,HECM Saver Flag,231,231,Character,1,X,L,2.3,201712,201802
hdailyllmni,37,Original Available Line of Credit Amount,232,243,Numeric,12,9(10)v9(2),L,2.3,201712,201802
hdailyllmni,38,Original Draw Amount,244,255,Numeric,12,9(10)v9(2),L,2.3,201712,201802
hdailyllmni,39,Mortgage Servicer,256,265,Character,10,X(10),L,2.3,201712,201802
hdailyllmni,40,Lifetime Floor Rate,266,270,Numeric,5,9(2)v9(3),L,2.3,201712,201802
hdailyllmni,41,Remaining Available Line of Credit Amount,271,282,Numeric,12,9(10)v9(2),L,2.3,201712,201802
hdailyllmni,42,Monthly Servicing Fee Amount,283,294,Numeric,12,9(10)v9(2),L,2.3,201712,201802
hdailyllmni,43,Monthly Scheduled Payment Amount,295,306,Numeric,12,9(10)v9(2),L,2.3,201712,201802
hdailyllmni,44,Remaining Term of Payments,307,309,Numeric,3,9(3),L,2.3,201712,201802
hdailyllmni,45,Initial Change Date,310,317,Numeric,8,9(8),L,2.3,201712,201802
hdailyllmni,46,Credit Line Set Aside Amount,318,329,Numeric,12,9(10)v9(2),L,2.3,201712,201802
hdailyllmni,47,MIP Basis Points,330,332,Numeric,3,9(3),L,2.3,201712,201802
hdailyllmni,48,Maximum Claim Amount,333,345,Numeric,13,9(11)v9(2),L,2.3,201712,201802
hdailyllmni,49,Lifetime Interest Rate Change Cap,346,347,Numeric,2,9(2),L,2.3,201712,201802
hdailyllmni,50,Reset Months,348,349,Numeric,2,9(2),L,2.3,201712,201802
hdailyllmni,51,Current Month Liquidation Flag,350,350,Character,1,X,L,2.3,201712,201802
hdailyllmni,52,Eligible Non-borrowing Spouse,351,351,Character,1,X,L,2.3,201712,201802
hdailyllmni,53,Mandatory Property Charges Set Aside,352,352,Character,1,X,L,2.3,201712,201802
hdailyllmni,54,Annual Interest Rate Change Cap,353,354,Numeric,2,9(2),L,2.3,201712,201802
hdailyllmni,55,Maximum Interest Rate,355,359,Numeric,5,9(2)v9(3),L,2.3,201712,201802
hdailyllmni,56,Remaining Property Charges Set Aside,360,372,Numeric,13,9(11)v9(2),L,2.3,201712,201802
hdailyllmni,57,As-Of Date,373,378,Numeric,6,9(6),L,2.3,201712,201802
hdailyllmni,58,Initial Monthly Scheduled Payment,379,391,Numeric,13,9(11)v9(2),L,2.3,201712,201802
hdailyllmni,59,Initial Remaining Available Line of Credit,392,404,Numeric,13,9(11)v9(2),L,2.3,201712,201802
hdailyllmni,60,Adjustment Date,405,412,Numeric,8,9(8),L,2.3,201712,201802
hdailyllmni,1,Record Type,1,1,Character,1,X,T,2.3,201712,201802
hdailyllmni,2,CUSIP Number,2,10,Character,9,X(9),T,2.3,201712,201802
hdailyllmni,3,Pool ID,11,16,Character,6,X(6),T,2.3,201712,201802
hdailyllmni,4,Issue Type,17,17,Character,1,X,T,2.3,201712,201802
hdailyllmni,5,Pool Type,18,19,Character,2,X(2),T,2.3,201712,201802
hdailyllmni,6,Pool Issue Date,20,27,Numeric,8,9(8),T,2.3,201712,201802
hdailyllmni,7,Issuer ID,28,31,Numeric,4,9(4),T,2.3,201712,201802
hdailyllmni,8,As-Of Date,32,37,Numeric,6,9(6),T,2.3,201712,201802
hdailyllmni,9,Loan Count for the Pool,38,44,Numeric,7,9(7),T,2.3,201712,201802
hdailyllmni,1,Record Type,1,1,Character,1,X,Z,2.3,201712,201802
hdailyllmni,2,File Name,2,23,Character,22,X(22),Z,2.3,201712,201802
hdailyllmni,3,File Number,24,26,Numeric,3,9(3),Z,2.3,201712,201802
hdailyllmni,4,Count of Pools in this File,27,33,Numeric,7,9(7),Z,2.3,201712,201802
hdailyllmni,5,Count of Loans in this File,34,42,Numeric,9,9(9),Z,2.3,201712,201802
hdailyllmni,6,Total Record Count,43,51,Numeric,9,9(9),Z,2.3,201712,201802
hdailyllmni,7,As-Of Date,52,57,Numeric,6,9(6),Z,2.3,201712,201802
hdailyllmni,1,Record Type,1,1,Character,1,X,H,2.1,201504,201711
hdailyllmni,2,File Name,2,23,Character,22,X(22),H,2.1,201504,201711
hdailyllmni,3,File Number,24,26,Numeric,3,9(3),H,2.1,201504,201711
hdailyllmni,4,File Correction Flag,27,27,Character,1,X,H,2.1,201504,201711
hdailyllmni,5,As-Of Date,28,33,Numeric,6,9(6),H,2.1,201504,201711
hdailyllmni,6,Date File Generated,34,41,Numeric,8,9(8),H,2.1,201504,201711
hdailyllmni,1,Record Type,1,1,Character,1,X,P,2.1,201504,201711
hdailyllmni,2,CUSIP Number,2,10,Character,9,X(9),P,2.1,201504,201711
hdailyllmni,3,Pool ID,11,16,Character,6,X(6),P,2.1,201504,201711
hdailyllmni,4,Issue Type,17,17,Character,1,X,P,2.1,201504,201711
hdailyllmni,5,Pool Type,18,19,Character,2,X(2),P,2.1,201504,201711
hdailyllmni,6,Pool Issue Date,20,27,Numeric,8,9(8),P,2.1,201504,201711
hdailyllmni,7,Issuer ID,28,31,Numeric,4,9(4),P,2.1,201504,201711
hdailyllmni,8,As-Of Date,32,37,Numeric,6,9(6),P,2.1,201504,201711
hdailyllmni,1,Record Type,1,1,Character,1,X,L,2.1,201504,201711
hdailyllmni,2,Pool ID,2,7,Character,6,X(6),L,2.1,201504,201711
hdailyllmni,3,Issuer ID,8,11,Numeric,4,9(4),L,2.1,201504,201711
hdailyllmni,4,Disclosure Sequence Number,12,21,Numeric,10,9(10),L,2.1,201504,201711
hdailyllmni,5,Sequence Number Suffix,22,24,Numeric,3,9(3),L,2.1,201504,201711
hdailyllmni,6,Property Type Code,25,25,Numeric,1,9,L,2.1,201504,201711
hdailyllmni,7,Original Principal Limit,26,37,Numeric,12,9(10)v9(2),L,2.1,201504,201711
hdailyllmni,8,Current Principal Limit,38,49,Numeric,12,9(10)v9(2),L,2.1,201504,201711
hdailyllmni,9,Reserved/Filler,50,51,Numeric,2,9(2),L,2.1,201504,201711
hdailyllmni,10,Payment Reason Code,52,53,Numeric,2,9(2),L,2.1,201504,201711
hdailyllmni,11,Original HECM Loan Balance,54,65,Numeric,12,9(10)v9(2),L,2.1,201504,201711
hdailyllmni,12,Current HECM Loan Balance,66,77,Numeric,12,9(10)v9(2),L,2.1,201504,201711
hdailyllmni,13,Mortgage Margin,78,82,Numeric,5,9(2)v9(3),L,2.1,201504,201711
hdailyllmni,14,Rate Reset Frequency,83,83,Character,1,X,L,2.1,201504,201711
hdailyllmni,15,Servicing Fee Margin,84,87,Numeric,4,9v9(3),L,2.1,201504,201711
hdailyllmni,16,Borrower 1 Age at Pool Issuance,88,90,Numeric,3,9(3),L,2.1,201504,201711
hdailyllmni,17,Borrower 2 Age at Pool Issuance,91,93,Numeric,3,9(3),L,2.1,201504,201711
hdailyllmni,18,MSA,94,98,Numeric,5,9(5),L,2.1,201504,201711
hdailyllmni,19,HECM Loan Original Interest Rate,99,103,Numeric,5,9(2)v9(3),L,2.1,201504,201711
hdailyllmni,20,HECM Loan Current Interest Rate,104,108,Numeric,5,9(2)v9(3),L,2.1,201504,201711
hdailyllmni,21,Participation UPB,109,120,Numeric,12,9(10)v9(2),L,2.1,201504,201711
hdailyllmni,22,Participation Interest Rate,121,125,Numeric,5,9(2)v9(3),L,2.1,201504,201711
hdailyllmni,23,Loan Servicing Fee Code,126,126,Numeric,1,9,L,2.1,201504,201711
hdailyllmni,24,Expected Average Mortgage Interest Rate,127,131,Numeric,5,9(2)v9(3),L,2.1,201504,201711
hdailyllmni,25,Servicing Fee Set Aside Amount,132,143,Numeric,12,9(10)v9(2),L,2.1,201504,201711
hdailyllmni,26,HECM Original Funding Date,144,149,Numeric,6,9(6),L,2.1,201504,201711
hdailyllmni,27,Filler,150,151,Character,2,X(2),L,2.1,201504,201711
hdailyllmni,28,Property Valuation Amount,152,163,Numeric,12,9(10)v9(2),L,2.1,201504,201711
hdailyllmni,29,Original Term of Payments,164,166,Numeric,3,9(3),L,2.1,201504,201711
hdailyllmni,30,Property Charges Set Aside Amount,167,178,Numeric,12,9(10)v9(2),L,2.1,201504,201711
hdailyllmni,31,Property Repair Set Aside Amount,179,190,Numeric,12,9(10)v9(2),L,2.1,201504,201711
hdailyllmni,32,Property Valuation Effective Date,191,198,Numeric,8,9(8),L,2.1,201504,201711
hdailyllmni,33,Loan Origination Company,199,228,Character,30,X(30),L,2.1,201504,201711
hdailyllmni,34,HECM Loan Purpose Code,229,229,Numeric,1,9,L,2.1,201504,201711
hdailyllmni,35,HECM Loan Payment Option Code,230,230,Numeric,1,9,L,2.1,201504,201711
hdailyllmni,36,HECM Saver Flag,231,231,Character,1,X,L,2.1,201504,201711
hdailyllmni,37,Original Available Line of Credit Amount,232,243,Numeric,12,9(10)v9(2),L,2.1,201504,201711
hdailyllmni,38,Original Draw Amount,244,255,Numeric,12,9(10)v9(2),L,2.1,201504,201711
hdailyllmni,39,Mortgage Servicer,256,265,Character,10,X(10),L,2.1,201504,201711
hdailyllmni,40,Lifetime Floor Rate,266,270,Numeric,5,9(2)v9(3),L,2.1,201504,201711
hdailyllmni,41,Remaining Available Line of Credit Amount,271,282,Numeric,12,9(10)v9(2),L,2.1,201504,201711
hdailyllmni,42,Monthly Servicing Fee Amount,283,294,Numeric,12,9(10)v9(2),L,2.1,201504,201711
hdailyllmni,43,Monthly Scheduled Payment Amount,295,306,Numeric,12,9(10)v9(2),L,2.1,201504,201711
hdailyllmni,44,Remaining Term of Payments,307,309,Numeric,3,9(3),L,2.1,201504,201711
hdailyllmni,45,Initial Change Date,310,317,Numeric,8,9(8),L,2.1,201504,201711
hdailyllmni,46,Credit Line Set Aside Amount,318,329,Numeric,12,9(10)v9(2),L,2.1,201504,201711
hdailyllmni,47,MIP Basis Points,330,332,Numeric,3,9(3),L,2.1,201504,201711
hdailyllmni,48,Maximum Claim Amount,333,345,Numeric,13,9(11)v9(2),L,2.1,201504,201711
hdailyllmni,49,Lifetime Interest Rate Change Cap,346,347,Numeric,2,9(2),L,2.1,201504,201711
hdailyllmni,50,Reset Months,348,349,Numeric,2,9(2),L,2.1,201504,201711
hdailyllmni,51,Current Month Liquidation Flag,350,350,Character,1,X,L,2.1,201504,201711
hdailyllmni,52,Non-borrowing Spouse,351,351,Character,1,X,L,2.1,201504,201711
hdailyllmni,53,Mandatory Property Charges Set Aside,352,352,Character,1,X,L,2.1,201504,201711
hdailyllmni,54,Annual Interest Rate Change Cap,353,354,Numeric,2,9(2),L,2.1,201504,201711
hdailyllmni,55,Maximum Interest Rate,355,359,Numeric,5,9(2)v9(3),L,2.1,201504,201711
hdailyllmni,56,Remaining Property Charges Set Aside,360,372,Numeric,13,9(11)v9(2),L,2.1,201504,201711
hdailyllmni,57,As-Of Date,373,378,Numeric,6,9(6),L,2.1,201504,201711
hdailyllmni,1,Record Type,1,1,Character,1,X,T,2.1,201504,201711
hdailyllmni,2,CUSIP Number,2,10,Character,9,X(9),T,2.1,201504,201711
hdailyllmni,3,Pool ID,11,16,Character,6,X(6),T,2.1,201504,201711
hdailyllmni,4,Issue Type,17,17,Character,1,X,T,2.1,201504,201711
hdailyllmni,5,Pool Type,18,19,Character,2,X(2),T,2.1,201504,201711
hdailyllmni,6,Pool Issue Date,20,27,Numeric,8,9(8),T,2.1,201504,201711
hdailyllmni,7,Issuer ID,28,31,Numeric,4,9(4),T,2.1,201504,201711
hdailyllmni,8,As-Of Date,32,37,Numeric,6,9(6),T,2.1,201504,201711
hdailyllmni,9,Loan Count for the Pool,38,44,Numeric,7,9(7),T,2.1,201504,201711
hdailyllmni,1,Record Type,1,1,Character,1,X,Z,2.1,201504,201711
hdailyllmni,2,File Name,2,23,Character,22,X(22),Z,2.1,201504,201711
hdailyllmni,3,File Number,24,26,Numeric,3,9(3),Z,2.1,201504,201711
hdailyllmni,4,Count of Pools in this File,27,33,Numeric,7,9(7),Z,2.1,201504,201711
hdailyllmni,5,Count of Loans in this File,34,42,Numeric,9,9(9),Z,2.1,201504,201711
hdailyllmni,6,Total Record Count,43,51,Numeric,9,9(9),Z,2.1,201504,201711
hdailyllmni,7,As-Of Date,52,57,Numeric,6,9(6),Z,2.1,201504,201711
hdailyllmni,1,Record Type,1,1,Character,1,X,H,2,201503,201503
hdailyllmni,2,File Name,2,23,Character,22,X(22),H,2,201503,201503
hdailyllmni,3,File Number,24,26,Numeric,3,9(3),H,2,201503,201503
hdailyllmni,4,File Correction Flag,27,27,Character,1,X,H,2,201503,201503
hdailyllmni,5,As-Of Date,28,33,Numeric,6,9(6),H,2,201503,201503
hdailyllmni,6,Date File Generated,34,41,Numeric,8,9(8),H,2,201503,201503
hdailyllmni,1,Record Type,1,1,Character,1,X,P,2,201503,201503
hdailyllmni,2,CUSIP Number,2,10,Character,9,X(9),P,2,201503,201503
hdailyllmni,3,Pool ID,11,16,Character,6,X(6),P,2,201503,201503
hdailyllmni,4,Issue Type,17,17,Character,1,X,P,2,201503,201503
hdailyllmni,5,Pool Type,18,19,Character,2,X(2),P,2,201503,201503
hdailyllmni,6,Pool Issue Date,20,27,Numeric,8,9(8),P,2,201503,201503
hdailyllmni,7,Issuer ID,28,31,Numeric,4,9(4),P,2,201503,201503
hdailyllmni,8,As-Of Date,32,37,Numeric,6,9(6),P,2,201503,201503
hdailyllmni,1,Record Type,1,1,Character,1,X,L,2,201503,201503
hdailyllmni,2,Pool ID,2,7,Character,6,X(6),L,2,201503,201503
hdailyllmni,3,Issuer ID,8,11,Numeric,4,9(4),L,2,201503,201503
hdailyllmni,4,Disclosure Sequence Number,12,21,Numeric,10,9(10),L,2,201503,201503
hdailyllmni,5,Sequence Number Suffix,22,24,Numeric,3,9(3),L,2,201503,201503
hdailyllmni,6,Property Type Code,25,25,Numeric,1,9,L,2,201503,201503
hdailyllmni,7,Original Principal Limit,26,37,Numeric,12,9(10)v9(2),L,2,201503,201503
hdailyllmni,8,Current Principal Limit,38,49,Numeric,12,9(10)v9(2),L,2,201503,201503
hdailyllmni,9,Reserved/Filler,50,51,Numeric,2,9(2),L,2,201503,201503
hdailyllmni,10,Payment Reason Code,52,53,Numeric,2,9(2),L,2,201503,201503
hdailyllmni,11,Original HECM Loan Balance,54,65,Numeric,12,9(10)v9(2),L,2,201503,201503
hdailyllmni,12,Current HECM Loan Balance,66,77,Numeric,12,9(10)v9(2),L,2,201503,201503
hdailyllmni,13,Mortgage Margin,78,82,Numeric,5,9(2)v9(3),L,2,201503,201503
hdailyllmni,14,Rate Reset Frequency,83,83,Character,1,X,L,2,201503,201503
hdailyllmni,15,Servicing Fee Margin,84,87,Numeric,4,9v9(3),L,2,201503,201503
hdailyllmni,16,Borrower 1 Age at Pool Issuance,88,90,Numeric,3,9(3),L,2,201503,201503
hdailyllmni,17,Borrower 2 Age at Pool Issuance,91,93,Numeric,3,9(3),L,2,201503,201503
hdailyllmni,18,MSA,94,98,Numeric,5,9(5),L,2,201503,201503
hdailyllmni,19,HECM Loan Original Interest Rate,99,103,Numeric,5,9(2)v9(3),L,2,201503,201503
hdailyllmni,20,HECM Loan Current Interest Rate,104,108,Numeric,5,9(2)v9(3),L,2,201503,201503
hdailyllmni,21,Participation UPB,109,120,Numeric,12,9(10)v9(2),L,2,201503,201503
hdailyllmni,22,Participation Interest Rate,121,125,Numeric,5,9(2)v9(3),L,2,201503,201503
hdailyllmni,23,Loan Servicing Fee Code,126,126,Numeric,1,9,L,2,201503,201503
hdailyllmni,24,Expected Average Mortgage Interest Rate,127,131,Numeric,5,9(2)v9(3),L,2,201503,201503
hdailyllmni,25,Servicing Fee Set Aside Amount,132,143,Numeric,12,9(10)v9(2),L,2,201503,201503
hdailyllmni,26,HECM Original Funding Date,144,149,Numeric,6,9(6),L,2,201503,201503
hdailyllmni,27,Filler,150,151,Character,2,X(2),L,2,201503,201503
hdailyllmni,28,Property Valuation Amount,152,163,Numeric,12,9(10)v9(2),L,2,201503,201503
hdailyllmni,29,Original Term of Payments,164,166,Numeric,3,9(3),L,2,201503,201503
hdailyllmni,30,Property Charges Set Aside Amount,167,178,Numeric,12,9(10)v9(2),L,2,201503,201503
hdailyllmni,31,Property Repair Set Aside Amount,179,190,Numeric,12,9(10)v9(2),L,2,201503,201503
hdailyllmni,32,Property Valuation Effective Date,191,198,Numeric,8,9(8),L,2,201503,201503
hdailyllmni,33,Loan Origination Company,199,228,Character,30,X(30),L,2,201503,201503
hdailyllmni,34,HECM Loan Purpose Code,229,229,Numeric,1,9,L,2,201503,201503
hdailyllmni,35,HECM Loan Payment Option Code,230,230,Numeric,1,9,L,2,201503,201503
hdailyllmni,36,HECM Saver Flag,231,231,Character,1,X,L,2,201503,201503
hdailyllmni,37,Original Available Line of Credit Amount,232,243,Numeric,12,9(10)v9(2),L,2,201503,201503
hdailyllmni,38,Original Draw Amount,244,255,Numeric,12,9(10)v9(2),L,2,201503,201503
hdailyllmni,39,Mortgage Servicer,256,265,Character,10,X(10),L,2,201503,201503
hdailyllmni,40,Lifetime Floor Rate,266,270,Numeric,5,9(2)v9(3),L,2,201503,201503
hdailyllmni,41,Remaining Available Line of Credit Amount,271,282,Numeric,12,9(10)v9(2),L,2,201503,201503
hdailyllmni,42,Monthly Servicing Fee Amount,283,294,Numeric,12,9(10)v9(2),L,2,201503,201503
hdailyllmni,43,Monthly Scheduled Payment Amount,295,306,Numeric,12,9(10)v9(2),L,2,201503,201503
hdailyllmni,44,Remaining Term of Payments,307,309,Numeric,3,9(3),L,2,201503,201503
hdailyllmni,45,Initial Change Date,310,317,Numeric,8,9(8),L,2,201503,201503
hdailyllmni,46,Credit Line Set Aside Amount,318,329,Numeric,12,9(10)v9(2),L,2,201503,201503
hdailyllmni,47,MIP Basis Points,330,332,Numeric,3,9(3),L,2,201503,201503
hdailyllmni,48,Maximum Claim Amount,333,345,Numeric,13,9(11)v9(2),L,2,201503,201503
hdailyllmni,49,Lifetime Interest Rate Change Cap,346,347,Numeric,2,9(2),L,2,201503,201503
hdailyllmni,50,Reset Months,348,349,Numeric,2,9(2),L,2,201503,201503
hdailyllmni,51,Current Month Liquidation Flag,350,350,Character,1,X,L,2,201503,201503
hdailyllmni,52,Non-borrowing Spouse,351,351,Character,1,X,L,2,201503,201503
hdailyllmni,53,Mandatory Property Charges Set Aside,352,352,Character,1,X,L,2,201503,201503
hdailyllmni,54,Periodic Interest Rate Change Cap,353,354,Numeric,2,9(2),L,2,201503,201503
hdailyllmni,55,Maximum Interest Rate,355,359,Numeric,5,9(3)v9(2),L,2,201503,201503
hdailyllmni,56,Remaining Property Charges Set Aside,360,372,Numeric,13,9(11)v9(2),L,2,201503,201503
hdailyllmni,57,As-Of Date,373,378,Numeric,6,9(6),L,2,201503,201503
hdailyllmni,1,Record Type,1,1,Character,1,X,T,2,201503,201503
hdailyllmni,2,CUSIP Number,2,10,Character,9,X(9),T,2,201503,201503
hdailyllmni,3,Pool ID,11,16,Character,6,X(6),T,2,201503,201503
hdailyllmni,4,Issue Type,17,17,Character,1,X,T,2,201503,201503
hdailyllmni,5,Pool Type,18,19,Character,2,X(2),T,2,201503,201503
hdailyllmni,6,Pool Issue Date,20,27,Numeric,8,9(8),T,2,201503,201503
hdailyllmni,7,Issuer ID,28,31,Numeric,4,9(4),T,2,201503,201503
hdailyllmni,8,As-Of Date,32,37,Numeric,6,9(6),T,2,201503,201503
hdailyllmni,9,Loan Count for the Pool,38,44,Numeric,7,9(7),T,2,201503,201503
hdailyllmni,1,Record Type,1,1,Character,1,X,Z,2,201503,201503
hdailyllmni,2,File Name,2,23,Character,22,X(22),Z,2,201503,201503
hdailyllmni,3,File Number,24,26,Numeric,3,9(3),Z,2,201503,201503
hdailyllmni,4,Count of Pools in this File,27,33,Numeric,7,9(7),Z,2,201503,201503
hdailyllmni,5,Count of Loans in this File,34,42,Numeric,9,9(9),Z,2,201503,201503
hdailyllmni,6,Total Record Count,43,51,Numeric,9,9(9),Z,2,201503,201503
hdailyllmni,7,As-Of Date,52,57,Numeric,6,9(6),Z,2,201503,201503
hdailyllmni,1,Record Type,1,1,Character,1,X,H,1.7,201407,201502
hdailyllmni,2,File Name,2,23,Character,22,X(22),H,1.7,201407,201502
hdailyllmni,3,File Number,24,26,Numeric,3,9(3),H,1.7,201407,201502
hdailyllmni,4,File Correction Flag,27,27,Character,1,X,H,1.7,201407,201502
hdailyllmni,5,As-Of Date,28,33,Numeric,6,9(6),H,1.7,201407,201502
hdailyllmni,6,Date File Generated,34,41,Numeric,8,9(8),H,1.7,201407,201502
hdailyllmni,1,Record Type,1,1,Character,1,X,P,1.7,201407,201502
hdailyllmni,2,CUSIP Number,2,10,Character,9,X(9),P,1.7,201407,201502
hdailyllmni,3,Pool ID,11,16,Character,6,X(6),P,1.7,201407,201502
hdailyllmni,4,Issue Type,17,17,Character,1,X,P,1.7,201407,201502
hdailyllmni,5,Pool Type,18,19,Character,2,X(2),P,1.7,201407,201502
hdailyllmni,6,Pool Issue Date,20,27,Numeric,8,9(8),P,1.7,201407,201502
hdailyllmni,7,Issuer ID,28,31,Numeric,4,9(4),P,1.7,201407,201502
hdailyllmni,8,As-Of Date,32,37,Numeric,6,9(6),P,1.7,201407,201502
hdailyllmni,1,Record Type,1,1,Character,1,X,L,1.7,201407,201502
hdailyllmni,2,Pool ID,2,7,Character,6,X(6),L,1.7,201407,201502
hdailyllmni,3,Issuer ID,8,11,Numeric,4,9(4),L,1.7,201407,201502
hdailyllmni,4,Disclosure Sequence Number,12,21,Numeric,10,9(10),L,1.7,201407,201502
hdailyllmni,5,Sequence Number Suffix,22,24,Numeric,3,9(3),L,1.7,201407,201502
hdailyllmni,6,Property Type Code,25,25,Numeric,1,9,L,1.7,201407,201502
hdailyllmni,7,Original Principal Limit,26,37,Numeric,12,9(10)v9(2),L,1.7,201407,201502
hdailyllmni,8,Current Principal Limit,38,49,Numeric,12,9(10)v9(2),L,1.7,201407,201502
hdailyllmni,9,Reserved/Filler,50,51,Numeric,2,9(2),L,1.7,201407,201502
hdailyllmni,10,Payment Reason Code,52,53,Numeric,2,9(2),L,1.7,201407,201502
hdailyllmni,11,Original HECM Loan Balance,54,65,Numeric,12,9(10)v9(2),L,1.7,201407,201502
hdailyllmni,12,Current HECM Loan Balance,66,77,Numeric,12,9(10)v9(2),L,1.7,201407,201502
hdailyllmni,13,Mortgage Margin,78,82,Numeric,5,9(2)v9(3),L,1.7,201407,201502
hdailyllmni,14,Rate Reset Frequency,83,83,Character,1,X,L,1.7,201407,201502
hdailyllmni,15,Servicing Fee Margin,84,87,Numeric,4,9v9(3),L,1.7,201407,201502
hdailyllmni,16,Borrower 1 Age at Pool Issuance,88,90,Numeric,3,9(3),L,1.7,201407,201502
hdailyllmni,17,Borrower 2 Age at Pool Issuance,91,93,Numeric,3,9(3),L,1.7,201407,201502
hdailyllmni,18,MSA,94,98,Numeric,5,9(5),L,1.7,201407,201502
hdailyllmni,19,HECM Loan Original Interest Rate,99,103,Numeric,5,9(2)v9(3),L,1.7,201407,201502
hdailyllmni,20,HECM Loan Current Interest Rate,104,108,Numeric,5,9(2)v9(3),L,1.7,201407,201502
hdailyllmni,21,Participation UPB,109,120,Numeric,12,9(10)v9(2),L,1.7,201407,201502
hdailyllmni,22,Participation Interest Rate,121,125,Numeric,5,9(2)v9(3),L,1.7,201407,201502
hdailyllmni,23,Loan Servicing Fee Code,126,126,Numeric,1,9,L,1.7,201407,201502
hdailyllmni,24,Expected Average Mortgage Interest Rate,127,131,Numeric,5,9(2)v9(3),L,1.7,201407,201502
hdailyllmni,25,Servicing Fee Set Aside Amount,132,143,Numeric,12,9(10)v9(2),L,1.7,201407,201502
hdailyllmni,26,HECM Original Funding Date,144,149,Numeric,6,9(6),L,1.7,201407,201502
hdailyllmni,27,Filler,150,151,Character,2,X(2),L,1.7,201407,201502
hdailyllmni,28,Property Valuation Amount,152,163,Numeric,12,9(10)v9(2),L,1.7,201407,201502
hdailyllmni,29,Original Term of Payments,164,166,Numeric,3,9(3),L,1.7,201407,201502
hdailyllmni,30,Property Charges Set Aside Amount,167,178,Numeric,12,9(10)v9(2),L,1.7,201407,201502
hdailyllmni,31,Property Repair Set Aside Amount,179,190,Numeric,12,9(10)v9(2),L,1.7,201407,201502
hdailyllmni,32,Property Valuation Effective Date,191,198,Numeric,8,9(8),L,1.7,201407,201502
hdailyllmni,33,Loan Origination Company,199,228,Character,30,X(30),L,1.7,201407,201502
hdailyllmni,34,HECM Loan Purpose Code,229,229,Numeric,1,9,L,1.7,201407,201502
hdailyllmni,35,HECM Loan Payment Option Code,230,230,Numeric,1,9,L,1.7,201407,201502
hdailyllmni,36,HECM Saver Flag,231,231,Character,1,X,L,1.7,201407,201502
hdailyllmni,37,Original Available Line of Credit Amount,232,243,Numeric,12,9(10)v9(2),L,1.7,201407,201502
hdailyllmni,38,Original Draw Amount,244,255,Numeric,12,9(10)v9(2),L,1.7,201407,201502
hdailyllmni,39,Mortgage Servicer,256,265,Character,10,X(10),L,1.7,201407,201502
hdailyllmni,40,Lifetime Floor Rate,266,270,Numeric,5,9(2)v9(3),L,1.7,201407,201502
hdailyllmni,41,Remaining Available Line of Credit Amount,271,282,Numeric,12,9(10)v9(2),L,1.7,201407,201502
hdailyllmni,42,Monthly Servicing Fee Amount,283,294,Numeric,12,9(10)v9(2),L,1.7,201407,201502
hdailyllmni,43,Monthly Scheduled Payment Amount,295,306,Numeric,12,9(10)v9(2),L,1.7,201407,201502
hdailyllmni,44,Remaining Term of Payments,307,309,Numeric,3,9(3),L,1.7,201407,201502
hdailyllmni,45,Initial Change Date,310,317,Numeric,8,9(8),L,1.7,201407,201502
hdailyllmni,46,Credit Line Set Aside Amount,318,329,Numeric,12,9(10)v9(2),L,1.7,201407,201502
hdailyllmni,47,MIP Basis Points,330,332,Numeric,3,9(3),L,1.7,201407,201502
hdailyllmni,48,Maximum Claim Amount,333,345,Numeric,13,9(11)v9(2),L,1.7,201407,201502
hdailyllmni,49,Lifetime Cap/Maximum Interest Rate,346,347,Numeric,2,9(2),L,1.7,201407,201502
hdailyllmni,50,Reset Months,348,349,Numeric,2,9(2),L,1.7,201407,201502
hdailyllmni,51,Current Month Liquidation Flag,350,350,Character,1,X,L,1.7,201407,201502
hdailyllmni,52,As-Of Date,351,356,Numeric,6,9(6),L,1.7,201407,201502
hdailyllmni,1,Record Type,1,1,Character,1,X,T,1.7,201407,201502
hdailyllmni,2,CUSIP Number,2,10,Character,9,X(9),T,1.7,201407,201502
hdailyllmni,3,Pool ID,11,16,Character,6,X(6),T,1.7,201407,201502
hdailyllmni,4,Issue Type,17,17,Character,1,X,T,1.7,201407,201502
hdailyllmni,5,Pool Type,18,19,Character,2,X(2),T,1.7,201407,201502
hdailyllmni,6,Pool Issue Date,20,27,Numeric,8,9(8),T,1.7,201407,201502
hdailyllmni,7,Issuer ID,28,31,Numeric,4,9(4),T,1.7,201407,201502
hdailyllmni,8,As-Of Date,32,37,Numeric,6,9(6),T,1.7,201407,201502
hdailyllmni,9,Loan Count for the Pool,38,44,Numeric,7,9(7),T,1.7,201407,201502
hdailyllmni,1,Record Type,1,1,Character,1,X,Z,1.7,201407,201502
hdailyllmni,2,File Name,2,23,Character,22,X(22),Z,1.7,201407,201502
hdailyllmni,3,File Number,24,26,Numeric,3,9(3),Z,1.7,201407,201502
hdailyllmni,4,Count of Pools in this File,27,33,Numeric,7,9(7),Z,1.7,201407,201502
hdailyllmni,5,Count of Loans in this File,34,42,Numeric,9,9(9),Z,1.7,201407,201502
hdailyllmni,6,Total Record Count,43,51,Numeric,9,9(9),Z,1.7,201407,201502
hdailyllmni,7,As-Of Date,52,57,Numeric,6,9(6),Z,1.7,201407,201502
hllmon1,1,Record Type,1,1,Character,1,X,H,2.4,201803,209912
hllmon1,2,File Name,2,23,Character,22,X(22),H,2.4,201803,209912
hllmon1,3,File Number,24,26,Numeric,3,9(3),H,2.4,201803,209912
hllmon1,4,File Correction Flag,27,27,Character,1,X,H,2.4,201803,209912
hllmon1,5,As-Of Date,28,33,Numeric,6,9(6),H,2.4,201803,209912
hllmon1,6,Date File Generated,34,41,Numeric,8,9(8),H,2.4,201803,209912
hllmon1,1,Record Type,1,1,Character,1,X,P,2.4,201803,209912
hllmon1,2,CUSIP Number,2,10,Character,9,X(9),P,2.4,201803,209912
hllmon1,3,Pool ID,11,16,Character,6,X(6),P,2.4,201803,209912
hllmon1,4,Issue Type,17,17,Character,1,X,P,2.4,201803,209912
hllmon1,5,Pool Type,18,19,Character,2,X(2),P,2.4,201803,209912
hllmon1,6,Pool Issue Date,20,27,Numeric,8,9(8),P,2.4,201803,209912
hllmon1,7,Issuer ID,28,31,Numeric,4,9(4),P,2.4,201803,209912
hllmon1,8,As-Of Date,32,37,Numeric,6,9(6),P,2.4,201803,209912
hllmon1,1,Record Type,1,1,Character,1,X,L,2.4,201803,209912
hllmon1,2,Pool ID,2,7,Character,6,X(6),L,2.4,201803,209912
hllmon1,3,Issuer ID,8,11,Numeric,4,9(4),L,2.4,201803,209912
hllmon1,4,Disclosure Sequence Number,12,21,Numeric,10,9(10),L,2.4,201803,209912
hllmon1,5,Sequence Number Suffix,22,24,Numeric,3,9(3),L,2.4,201803,209912
hllmon1,6,Property Type Code,25,25,Numeric,1,9,L,2.4,201803,209912
hllmon1,7,Original Principal Limit,26,37,Numeric,12,9(10)v9(2),L,2.4,201803,209912
hllmon1,8,Current Principal Limit,38,49,Numeric,12,9(10)v9(2),L,2.4,201803,209912
hllmon1,9,Reserved/Filler,50,51,Numeric,2,9(2),L,2.4,201803,209912
hllmon1,10,Payment Reason Code,52,53,Numeric,2,9(2),L,2.4,201803,209912
hllmon1,11,Original HECM Loan Balance,54,65,Numeric,12,9(10)v9(2),L,2.4,201803,209912
hllmon1,12,Current HECM Loan Balance,66,77,Numeric,12,9(10)v9(2),L,2.4,201803,209912
hllmon1,13,Mortgage Margin,78,82,Numeric,5,9(2)v9(3),L,2.4,201803,209912
hllmon1,14,Rate Reset Frequency,83,83,Character,1,X,L,2.4,201803,209912
hllmon1,15,Servicing Fee Margin,84,87,Numeric,4,9v9(3),L,2.4,201803,209912
hllmon1,16,Borrower 1 Age at Pool Issuance,88,90,Numeric,3,9(3),L,2.4,201803,209912
hllmon1,17,Borrower 2 Age at Pool Issuance,91,93,Numeric,3,9(3),L,2.4,201803,209912
hllmon1,18,MSA,94,98,Numeric,5,9(5),L,2.4,201803,209912
hllmon1,19,HECM Loan Original Interest Rate,99,103,Numeric,5,9(2)v9(3),L,2.4,201803,209912
hllmon1,20,HECM Loan Current Interest Rate,104,108,Numeric,5,9(2)v9(3),L,2.4,201803,209912
hllmon1,21,Participation UPB,109,120,Numeric,12,9(10)v9(2),L,2.4,201803,209912
hllmon1,22,Participation Interest Rate,121,125,Numeric,5,9(2)v9(3),L,2.4,201803,209912
hllmon1,23,Loan Servicing Fee Code,126,126,Numeric,1,9,L,2.4,201803,209912
hllmon1,24,Expected Average Mortgage Interest Rate,127,131,Numeric,5,9(2)v9(3),L,2.4,201803,209912
hllmon1,25,Servicing Fee Set Aside Amount,132,143,Numeric,12,9(10)v9(2),L,2.4,201803,209912
hllmon1,26,HECM Original Funding Date,144,149,Numeric,6,9(6),L,2.4,201803,209912
hllmon1,27,Filler,150,151,Character,2,X(2),L,2.4,201803,209912
hllmon1,28,Property Valuation Amount,152,163,Numeric,12,9(10)v9(2),L,2.4,201803,209912
hllmon1,29,Original Term of Payments,164,166,Numeric,3,9(3),L,2.4,201803,209912
hllmon1,30,Property Charges Set Aside Amount,167,178,Numeric,12,9(10)v9(2),L,2.4,201803,209912
hllmon1,31,Property Repair Set Aside Amount,179,190,Numeric,12,9(10)v9(2),L,2.4,201803,209912
hllmon1,32,Property Valuation Effective Date,191,198,Numeric,8,9(8),L,2.4,201803,209912
hllmon1,33,Loan Origination Company,199,228,Character,30,X(30),L,2.4,201803,209912
hllmon1,34,HECM Loan Purpose Code,229,229,Numeric,1,9,L,2.4,201803,209912
hllmon1,35,HECM Loan Payment Option Code,230,230,Numeric,1,9,L,2.4,201803,209912
hllmon1,36,HECM Saver Flag,231,231,Character,1,X,L,2.4,201803,209912
hllmon1,37,Original Available Line of Credit Amount,232,243,Numeric,12,9(10)v9(2),L,2.4,201803,209912
hllmon1,38,Original Draw Amount,244,255,Numeric,12,9(10)v9(2),L,2.4,201803,209912
hllmon1,39,Mortgage Servicer,256,265,Character,10,X(10),L,2.4,201803,209912
hllmon1,40,Lifetime Floor Rate,266,270,Numeric,5,9(2)v9(3),L,2.4,201803,209912
hllmon1,41,Remaining Available Line of Credit Amount,271,282,Numeric,12,9(10)v9(2),L,2.4,201803,209912
hllmon1,42,Monthly Servicing Fee Amount,283,294,Numeric,12,9(10)v9(2),L,2.4,201803,209912
hllmon1,43,Monthly Scheduled Payment Amount,295,306,Numeric,12,9(10)v9(2),L,2.4,201803,209912
hllmon1,44,Remaining Term of Payments,307,309,Numeric,3,9(3),L,2.4,201803,209912
hllmon1,45,Initial Change Date,310,317,Numeric,8,9(8),L,2.4,201803,209912
hllmon1,46,Credit Line Set Aside Amount,318,329,Numeric,12,9(10)v9(2),L,2.4,201803,209912
hllmon1,47,MIP Basis Points,330,332,Numeric,3,9(3),L,2.4,201803,209912
hllmon1,48,Maximum Claim Amount,333,345,Numeric,13,9(11)v9(2),L,2.4,201803,209912
hllmon1,49,Lifetime Interest Rate Change Cap,346,347,Numeric,2,9(2),L,2.4,201803,209912
hllmon1,50,Reset Months,348,349,Numeric,2,9(2),L,2.4,201803,209912
hllmon1,51,Current Month Liquidation Flag,350,350,Character,1,X,L,2.4,201803,209912
hllmon1,52,Eligible Non-borrowing Spouse,351,351,Character,1,X,L,2.4,201803,209912
hllmon1,53,Mandatory Property Charges Set Aside,352,352,Character,1,X,L,2.4,201803,209912
hllmon1,54,Annual Interest Rate Change Cap,353,354,Numeric,2,9(2),L,2.4,201803,209912
hllmon1,55,Maximum Interest Rate,355,359,Numeric,5,9(2)v9(3),L,2.4,201803,209912
hllmon1,56,Remaining Property Charges Set Aside,360,372,Numeric,13,9(11)v9(2),L,2.4,201803,209912
hllmon1,57,As-Of Date,373,378,Numeric,6,9(6),L,2.4,201803,209912
hllmon1,58,Initial Monthly Scheduled Payment,379,391,Numeric,13,9(11)v9(2),L,2.4,201803,209912
hllmon1,59,Initial Remaining Available Line of Credit,392,404,Numeric,13,9(11)v9(2),L,2.4,201803,209912
hllmon1,60,Adjustment Date,405,412,Numeric,8,9(8),L,2.4,201803,209912
hllmon1,1,Record Type,1,1,Character,1,X,T,2.4,201803,209912
hllmon1,2,CUSIP Number,2,10,Character,9,X(9),T,2.4,201803,209912
hllmon1,3,Pool ID,11,16,Character,6,X(6),T,2.4,201803,209912
hllmon1,4,Issue Type,17,17,Character,1,X,T,2.4,201803,209912
hllmon1,5,Pool Type,18,19,Character,2,X(2),T,2.4,201803,209912
hllmon1,6,Pool Issue Date,20,27,Numeric,8,9(8),T,2.4,201803,209912
hllmon1,7,Issuer ID,28,31,Numeric,4,9(4),T,2.4,201803,209912
hllmon1,8,As-Of Date,32,37,Numeric,6,9(6),T,2.4,201803,209912
hllmon1,9,Loan Count for the Pool,38,44,Numeric,7,9(7),T,2.4,201803,209912
hllmon1,1,Record Type,1,1,Character,1,X,Z,2.4,201803,209912
hllmon1,2,File Name,2,23,Character,22,X(22),Z,2.4,201803,209912
hllmon1,3,File Number,24,26,Numeric,3,9(3),Z,2.4,201803,209912
hllmon1,4,Count of Pools in this File,27,33,Numeric,7,9(7),Z,2.4,201803,209912
hllmon1,5,Count of Loans in this File,34,42,Numeric,9,9(9),Z,2.4,201803,209912
hllmon1,6,Total Record Count,43,51,Numeric,9,9(9),Z,2.4,201803,209912
hllmon1,7,As-Of Date,52,57,Numeric,6,9(6),Z,2.4,201803,209912
hllmon1,1,Record Type,1,1,Character,1,X,H,2.3,201712,201802
hllmon1,2,File Name,2,23,Character,22,X(22),H,2.3,201712,201802
hllmon1,3,File Number,24,26,Numeric,3,9(3),H,2.3,201712,201802
hllmon1,4,File Correction Flag,27,27,Character,1,X,H,2.3,201712,201802
hllmon1,5,As-Of Date,28,33,Numeric,6,9(6),H,2.3,201712,201802
hllmon1,6,Date File Generated,34,41,Numeric,8,9(8),H,2.3,201712,201802
hllmon1,1,Record Type,1,1,Character,1,X,P,2.3,201712,201802
hllmon1,2,CUSIP Number,2,10,Character,9,X(9),P,2.3,201712,201802
hllmon1,3,Pool ID,11,16,Character,6,X(6),P,2.3,201712,201802
hllmon1,4,Issue Type,17,17,Character,1,X,P,2.3,201712,201802
hllmon1,5,Pool Type,18,19,Character,2,X(2),P,2.3,201712,201802
hllmon1,6,Pool Issue Date,20,27,Numeric,8,9(8),P,2.3,201712,201802
hllmon1,7,Issuer ID,28,31,Numeric,4,9(4),P,2.3,201712,201802
hllmon1,8,As-Of Date,32,37,Numeric,6,9(6),P,2.3,201712,201802
hllmon1,1,Record Type,1,1,Character,1,X,L,2.3,201712,201802
hllmon1,2,Pool ID,2,7,Character,6,X(6),L,2.3,201712,201802
hllmon1,3,Issuer ID,8,11,Numeric,4,9(4),L,2.3,201712,201802
hllmon1,4,Disclosure Sequence Number,12,21,Numeric,10,9(10),L,2.3,201712,201802
hllmon1,5,Sequence Number Suffix,22,24,Numeric,3,9(3),L,2.3,201712,201802
hllmon1,6,Property Type Code,25,25,Numeric,1,9,L,2.3,201712,201802
hllmon1,7,Original Principal Limit,26,37,Numeric,12,9(10)v9(2),L,2.3,201712,201802
hllmon1,8,Current Principal Limit,38,49,Numeric,12,9(10)v9(2),L,2.3,201712,201802
hllmon1,9,Reserved/Filler,50,51,Numeric,2,9(2),L,2.3,201712,201802
hllmon1,10,Payment Reason Code,52,53,Numeric,2,9(2),L,2.3,201712,201802
hllmon1,11,Original HECM Loan Balance,54,65,Numeric,12,9(10)v9(2),L,2.3,201712,201802
hllmon1,12,Current HECM Loan Balance,66,77,Numeric,12,9(10)v9(2),L,2.3,201712,201802
hllmon1,13,Mortgage Margin,78,82,Numeric,5,9(2)v9(3),L,2.3,201712,201802
hllmon1,14,Rate Reset Frequency,83,83,Character,1,X,L,2.3,201712,201802
hllmon1,15,Servicing Fee Margin,84,87,Numeric,4,9v9(3),L,2.3,201712,201802
hllmon1,16,Borrower 1 Age at Pool Issuance,88,90,Numeric,3,9(3),L,2.3,201712,201802
hllmon1,17,Borrower 2 Age at Pool Issuance,91,93,Numeric,3,9(3),L,2.3,201712,201802
hllmon1,18,MSA,94,98,Numeric,5,9(5),L,2.3,201712,201802
hllmon1,19,HECM Loan Original Interest Rate,99,103,Numeric,5,9(2)v9(3),L,2.3,201712,201802
hllmon1,20,HECM Loan Current Interest Rate,104,108,Numeric,5,9(2)v9(3),L,2.3,201712,201802
hllmon1,21,Participation UPB,109,120,Numeric,12,9(10)v9(2),L,2.3,201712,201802
hllmon1,22,Participation Interest Rate,121,125,Numeric,5,9(2)v9(3),L,2.3,201712,201802
hllmon1,23,Loan Servicing Fee Code,126,126,Numeric,1,9,L,2.3,201712,201802
hllmon1,24,Expected Average Mortgage Interest Rate,127,131,Numeric,5,9(2)v9(3),L,2.3,201712,201802
hllmon1,25,Servicing Fee Set Aside Amount,132,143,Numeric,12,9(10)v9(2),L,2.3,201712,201802
hllmon1,26,HECM Original Funding Date,144,149,Numeric,6,9(6),L,2.3,201712,201802
hllmon1,27,Filler,150,151,Character,2,X(2),L,2.3,201712,201802
hllmon1,28,Property Valuation Amount,152,163,Numeric,12,9(10)v9(2),L,2.3,201712,201802
hllmon1,29,Original Term of Payments,164,166,Numeric,3,9(3),L,2.3,201712,201802
hllmon1,30,Property Charges Set Aside Amount,167,178,Numeric,12,9(10)v9(2),L,2.3,201712,201802
hllmon1,31,Property Repair Set Aside Amount,179,190,Numeric,12,9(10)v9(2),L,2.3,201712,201802
hllmon1,32,Property Valuation Effective Date,191,198,Numeric,8,9(8),L,2.3,201712,201802
hllmon1,33,Loan Origination Company,199,228,Character,30,X(30),L,2.3,201712,201802
hllmon1,34,HECM Loan Purpose Code,229,229,Numeric,1,9,L,2.3,201712,201802
hllmon1,35,HECM Loan Payment Option Code,230,230,Numeric,1,9,L,2.3,201712,201802
hllmon1,36,HECM Saver Flag,231,231,Character,1,X,L,2.3,201712,201802
hllmon1,37,Original Available Line of Credit Amount,232,243,Numeric,12,9(10)v9(2),L,2.3,201712,201802
hllmon1,38,Original Draw Amount,244,255,Numeric,12,9(10)v9(2),L,2.3,201712,201802
hllmon1,39,Mortgage Servicer,256,265,Character,10,X(10),L,2.3,201712,201802
hllmon1,40,Lifetime Floor Rate,266,270,Numeric,5,9(2)v9(3),L,2.3,201712,201802
hllmon1,41,Remaining Available Line of Credit Amount,271,282,Numeric,12,9(10)v9(2),L,2.3,201712,201802
hllmon1,42,Monthly Servicing Fee Amount,283,294,Numeric,12,9(10)v9(2),L,2.3,201712,201802
hllmon1,43,Monthly Scheduled Payment Amount,295,306,Numeric,12,9(10)v9(2),L,2.3,201712,201802
hllmon1,44,Remaining Term of Payments,307,309,Numeric,3,9(3),L,2.3,201712,201802
hllmon1,45,Initial Change Date,310,317,Numeric,8,9(8),L,2.3,201712,201802
hllmon1,46,Credit Line Set Aside Amount,318,329,Numeric,12,9(10)v9(2),L,2.3,201712,201802
hllmon1,47,MIP Basis Points,330,332,Numeric,3,9(3),L,2.3,201712,201802
hllmon1,48,Maximum Claim Amount,333,345,Numeric,13,9(11)v9(2),L,2.3,201712,201802
hllmon1,49,Lifetime Interest Rate Change Cap,346,347,Numeric,2,9(2),L,2.3,201712,201802
hllmon1,50,Reset Months,348,349,Numeric,2,9(2),L,2.3,201712,201802
hllmon1,51,Current Month Liquidation Flag,350,350,Character,1,X,L,2.3,201712,201802
hllmon1,52,Eligible Non-borrowing Spouse,351,351,Character,1,X,L,2.3,201712,201802
hllmon1,53,Mandatory Property Charges Set Aside,352,352,Character,1,X,L,2.3,201712,201802
hllmon1,54,Annual Interest Rate Change Cap,353,354,Numeric,2,9(2),L,2.3,201712,201802
hllmon1,55,Maximum Interest Rate,355,359,Numeric,5,9(2)v9(3),L,2.3,201712,201802
hllmon1,56,Remaining Property Charges Set Aside,360,372,Numeric,13,9(11)v9(2),L,2.3,201712,201802
hllmon1,57,As-Of Date,373,378,Numeric,6,9(6),L,2.3,201712,201802
hllmon1,58,Initial Monthly Scheduled Payment,379,391,Numeric,13,9(11)v9(2),L,2.3,201712,201802
hllmon1,59,Initial Remaining Available Line of Credit,392,404,Numeric,13,9(11)v9(2),L,2.3,201712,201802
hllmon1,60,Adjustment Date,405,412,Numeric,8,9(8),L,2.3,201712,201802
hllmon1,1,Record Type,1,1,Character,1,X,T,2.3,201712,201802
hllmon1,2,CUSIP Number,2,10,Character,9,X(9),T,2.3,201712,201802
hllmon1,3,Pool ID,11,16,Character,6,X(6),T,2.3,201712,201802
hllmon1,4,Issue Type,17,17,Character,1,X,T,2.3,201712,201802
hllmon1,5,Pool Type,18,19,Character,2,X(2),T,2.3,201712,201802
hllmon1,6,Pool Issue Date,20,27,Numeric,8,9(8),T,2.3,201712,201802
hllmon1,7,Issuer ID,28,31,Numeric,4,9(4),T,2.3,201712,201802
hllmon1,8,As-Of Date,32,37,Numeric,6,9(6),T,2.3,201712,201802
hllmon1,9,Loan Count for the Pool,38,44,Numeric,7,9(7),T,2.3,201712,201802
hllmon1,1,Record Type,1,1,Character,1,X,Z,2.3,201712,201802
hllmon1,2,File Name,2,23,Character,22,X(22),Z,2.3,201712,201802
hllmon1,3,File Number,24,26,Numeric,3,9(3),Z,2.3,201712,201802
hllmon1,4,Count of Pools in this File,27,33,Numeric,7,9(7),Z,2.3,201712,201802
hllmon1,5,Count of Loans in this File,34,42,Numeric,9,9(9),Z,2.3,201712,201802
hllmon1,6,Total Record Count,43,51,Numeric,9,9(9),Z,2.3,201712,201802
hllmon1,7,As-Of Date,52,57,Numeric,6,9(6),Z,2.3,201712,201802
hllmon1,1,Record Type,1,1,Character,1,X,H,2.1,201504,201711
hllmon1,2,File Name,2,23,Character,22,X(22),H,2.1,201504,201711
hllmon1,3,File Number,24,26,Numeric,3,9(3),H,2.1,201504,201711
hllmon1,4,File Correction Flag,27,27,Character,1,X,H,2.1,201504,201711
hllmon1,5,As-Of Date,28,33,Numeric,6,9(6),H,2.1,201504,201711
hllmon1,6,Date File Generated,34,41,Numeric,8,9(8),H,2.1,201504,201711
hllmon1,1,Record Type,1,1,Character,1,X,P,2.1,201504,201711
hllmon1,2,CUSIP Number,2,10,Character,9,X(9),P,2.1,201504,201711
hllmon1,3,Pool ID,11,16,Character,6,X(6),P,2.1,201504,201711
hllmon1,4,Issue Type,17,17,Character,1,X,P,2.1,201504,201711
hllmon1,5,Pool Type,18,19,Character,2,X(2),P,2.1,201504,201711
hllmon1,6,Pool Issue Date,20,27,Numeric,8,9(8),P,2.1,201504,201711
hllmon1,7,Issuer ID,28,31,Numeric,4,9(4),P,2.1,201504,201711
hllmon1,8,As-Of Date,32,37,Numeric,6,9(6),P,2.1,201504,201711
hllmon1,1,Record Type,1,1,Character,1,X,L,2.1,201504,201711
hllmon1,2,Pool ID,2,7,Character,6,X(6),L,2.1,201504,201711
hllmon1,3,Issuer ID,8,11,Numeric,4,9(4),L,2.1,201504,201711
hllmon1,4,Disclosure Sequence Number,12,21,Numeric,10,9(10),L,2.1,201504,201711
hllmon1,5,Sequence Number Suffix,22,24,Numeric,3,9(3),L,2.1,201504,201711
hllmon1,6,Property Type Code,25,25,Numeric,1,9,L,2.1,201504,201711
hllmon1,7,Original Principal Limit,26,37,Numeric,12,9(10)v9(2),L,2.1,201504,201711
hllmon1,8,Current Principal Limit,38,49,Numeric,12,9(10)v9(2),L,2.1,201504,201711
hllmon1,9,Reserved/Filler,50,51,Numeric,2,9(2),L,2.1,201504,201711
hllmon1,10,Payment Reason Code,52,53,Numeric,2,9(2),L,2.1,201504,201711
hllmon1,11,Original HECM Loan Balance,54,65,Numeric,12,9(10)v9(2),L,2.1,201504,201711
hllmon1,12,Current HECM Loan Balance,66,77,Numeric,12,9(10)v9(2),L,2.1,201504,201711
hllmon1,13,Mortgage Margin,78,82,Numeric,5,9(2)v9(3),L,2.1,201504,201711
hllmon1,14,Rate Reset Frequency,83,83,Character,1,X,L,2.1,201504,201711
hllmon1,15,Servicing Fee Margin,84,87,Numeric,4,9v9(3),L,2.1,201504,201711
hllmon1,16,Borrower 1 Age at Pool Issuance,88,90,Numeric,3,9(3),L,2.1,201504,201711
hllmon1,17,Borrower 2 Age at Pool Issuance,91,93,Numeric,3,9(3),L,2.1,201504,201711
hllmon1,18,MSA,94,98,Numeric,5,9(5),L,2.1,201504,201711
hllmon1,19,HECM Loan Original Interest Rate,99,103,Numeric,5,9(2)v9(3),L,2.1,201504,201711
hllmon1,20,HECM Loan Current Interest Rate,104,108,Numeric,5,9(2)v9(3),L,2.1,201504,201711
hllmon1,21,Participation UPB,109,120,Numeric,12,9(10)v9(2),L,2.1,201504,201711
hllmon1,22,Participation Interest Rate,121,125,Numeric,5,9(2)v9(3),L,2.1,201504,201711
hllmon1,23,Loan Servicing Fee Code,126,126,Numeric,1,9,L,2.1,201504,201711
hllmon1,24,Expected Average Mortgage Interest Rate,127,131,Numeric,5,9(2)v9(3),L,2.1,201504,201711
hllmon1,25,Servicing Fee Set Aside Amount,132,143,Numeric,12,9(10)v9(2),L,2.1,201504,201711
hllmon1,26,HECM Original Funding Date,144,149,Numeric,6,9(6),L,2.1,201504,201711
hllmon1,27,Filler,150,151,Character,2,X(2),L,2.1,201504,201711
hllmon1,28,Property Valuation Amount,152,163,Numeric,12,9(10)v9(2),L,2.1,201504,201711
hllmon1,29,Original Term of Payments,164,166,Numeric,3,9(3),L,2.1,201504,201711
hllmon1,30,Property Charges Set Aside Amount,167,178,Numeric,12,9(10)v9(2),L,2.1,201504,201711
hllmon1,31,Property Repair Set Aside Amount,179,190,Numeric,12,9(10)v9(2),L,2.1,201504,201711
hllmon1,32,Property Valuation Effective Date,191,198,Numeric,8,9(8),L,2.1,201504,201711
hllmon1,33,Loan Origination Company,199,228,Character,30,X(30),L,2.1,201504,201711
hllmon1,34,HECM Loan Purpose Code,229,229,Numeric,1,9,L,2.1,201504,201711
hllmon1,35,HECM Loan Payment Option Code,230,230,Numeric,1,9,L,2.1,201504,201711
hllmon1,36,HECM Saver Flag,231,231,Character,1,X,L,2.1,201504,201711
hllmon1,37,Original Available Line of Credit Amount,232,243,Numeric,12,9(10)v9(2),L,2.1,201504,201711
hllmon1,38,Original Draw Amount,244,255,Numeric,12,9(10)v9(2),L,2.1,201504,201711
hllmon1,39,Mortgage Servicer,256,265,Character,10,X(10),L,2.1,201504,201711
hllmon1,40,Lifetime Floor Rate,266,270,Numeric,5,9(2)v9(3),L,2.1,201504,201711
hllmon1,41,Remaining Available Line of Credit Amount,271,282,Numeric,12,9(10)v9(2),L,2.1,201504,201711
hllmon1,42,Monthly Servicing Fee Amount,283,294,Numeric,12,9(10)v9(2),L,2.1,201504,201711
hllmon1,43,Monthly Scheduled Payment Amount,295,306,Numeric,12,9(10)v9(2),L,2.1,201504,201711
hllmon1,44,Remaining Term of Payments,307,309,Numeric,3,9(3),L,2.1,201504,201711
hllmon1,45,Initial Change Date,310,317,Numeric,8,9(8),L,2.1,201504,201711
hllmon1,46,Credit Line Set Aside Amount,318,329,Numeric,12,9(10)v9(2),L,2.1,201504,201711
hllmon1,47,MIP Basis Points,330,332,Numeric,3,9(3),L,2.1,201504,201711
hllmon1,48,Maximum Claim Amount,333,345,Numeric,13,9(11)v9(2),L,2.1,201504,201711
hllmon1,49,Lifetime Interest Rate Change Cap,346,347,Numeric,2,9(2),L,2.1,201504,201711
hllmon1,50,Reset Months,348,349,Numeric,2,9(2),L,2.1,201504,201711
hllmon1,51,Current Month Liquidation Flag,350,350,Character,1,X,L,2.1,201504,201711
hllmon1,52,Non-borrowing Spouse,351,351,Character,1,X,L,2.1,201504,201711
hllmon1,53,Mandatory Property Charges Set Aside,352,352,Character,1,X,L,2.1,201504,201711
hllmon1,54,Annual Interest Rate Change Cap,353,354,Numeric,2,9(2),L,2.1,201504,201711
hllmon1,55,Maximum Interest Rate,355,359,Numeric,5,9(2)v9(3),L,2.1,201504,201711
hllmon1,56,Remaining Property Charges Set Aside,360,372,Numeric,13,9(11)v9(2),L,2.1,201504,201711
hllmon1,57,As-Of Date,373,378,Numeric,6,9(6),L,2.1,201504,201711
hllmon1,1,Record Type,1,1,Character,1,X,T,2.1,201504,201711
hllmon1,2,CUSIP Number,2,10,Character,9,X(9),T,2.1,201504,201711
hllmon1,3,Pool ID,11,16,Character,6,X(6),T,2.1,201504,201711
hllmon1,4,Issue Type,17,17,Character,1,X,T,2.1,201504,201711
hllmon1,5,Pool Type,18,19,Character,2,X(2),T,2.1,201504,201711
hllmon1,6,Pool Issue Date,20,27,Numeric,8,9(8),T,2.1,201504,201711
hllmon1,7,Issuer ID,28,31,Numeric,4,9(4),T,2.1,201504,201711
hllmon1,8,As-Of Date,32,37,Numeric,6,9(6),T,2.1,201504,201711
hllmon1,9,Loan Count for the Pool,38,44,Numeric,7,9(7),T,2.1,201504,201711
hllmon1,1,Record Type,1,1,Character,1,X,Z,2.1,201504,201711
hllmon1,2,File Name,2,23,Character,22,X(22),Z,2.1,201504,201711
hllmon1,3,File Number,24,26,Numeric,3,9(3),Z,2.1,201504,201711
hllmon1,4,Count of Pools in this File,27,33,Numeric,7,9(7),Z,2.1,201504,201711
hllmon1,5,Count of Loans in this File,34,42,Numeric,9,9(9),Z,2.1,201504,201711
hllmon1,6,Total Record Count,43,51,Numeric,9,9(9),Z,2.1,201504,201711
hllmon1,7,As-Of Date,52,57,Numeric,6,9(6),Z,2.1,201504,201711
hllmon1,1,Record Type,1,1,Character,1,X,H,2,201503,201503
hllmon1,2,File Name,2,23,Character,22,X(22),H,2,201503,201503
hllmon1,3,File Number,24,26,Numeric,3,9(3),H,2,201503,201503
hllmon1,4,File Correction Flag,27,27,Character,1,X,H,2,201503,201503
hllmon1,5,As-Of Date,28,33,Numeric,6,9(6),H,2,201503,201503
hllmon1,6,Date File Generated,34,41,Numeric,8,9(8),H,2,201503,201503
hllmon1,1,Record Type,1,1,Character,1,X,P,2,201503,201503
hllmon1,2,CUSIP Number,2,10,Character,9,X(9),P,2,201503,201503
hllmon1,3,Pool ID,11,16,Character,6,X(6),P,2,201503,201503
hllmon1,4,Issue Type,17,17,Character,1,X,P,2,201503,201503
hllmon1,5,Pool Type,18,19,Character,2,X(2),P,2,201503,201503
hllmon1,6,Pool Issue Date,20,27,Numeric,8,9(8),P,2,201503,201503
hllmon1,7,Issuer ID,28,31,Numeric,4,9(4),P,2,201503,201503
hllmon1,8,As-Of Date,32,37,Numeric,6,9(6),P,2,201503,201503
hllmon1,1,Record Type,1,1,Character,1,X,L,2,201503,201503
hllmon1,2,Pool ID,2,7,Character,6,X(6),L,2,201503,201503
hllmon1,3,Issuer ID,8,11,Numeric,4,9(4),L,2,201503,201503
hllmon1,4,Disclosure Sequence Number,12,21,Numeric,10,9(10),L,2,201503,201503
hllmon1,5,Sequence Number Suffix,22,24,Numeric,3,9(3),L,2,201503,201503
hllmon1,6,Property Type Code,25,25,Numeric,1,9,L,2,201503,201503
hllmon1,7,Original Principal Limit,26,37,Numeric,12,9(10)v9(2),L,2,201503,201503
hllmon1,8,Current Principal Limit,38,49,Numeric,12,9(10)v9(2),L,2,201503,201503
hllmon1,9,Reserved/Filler,50,51,Numeric,2,9(2),L,2,201503,201503
hllmon1,10,Payment Reason Code,52,53,Numeric,2,9(2),L,2,201503,201503
hllmon1,11,Original HECM Loan Balance,54,65,Numeric,12,9(10)v9(2),L,2,201503,201503
hllmon1,12,Current HECM Loan Balance,66,77,Numeric,12,9(10)v9(2),L,2,201503,201503
hllmon1,13,Mortgage Margin,78,82,Numeric,5,9(2)v9(3),L,2,201503,201503
hllmon1,14,Rate Reset Frequency,83,83,Character,1,X,L,2,201503,201503
hllmon1,15,Servicing Fee Margin,84,87,Numeric,4,9v9(3),L,2,201503,201503
hllmon1,16,Borrower 1 Age at Pool Issuance,88,90,Numeric,3,9(3),L,2,201503,201503
hllmon1,17,Borrower 2 Age at Pool Issuance,91,93,Numeric,3,9(3),L,2,201503,201503
hllmon1,18,MSA,94,98,Numeric,5,9(5),L,2,201503,201503
hllmon1,19,HECM Loan Original Interest Rate,99,103,Numeric,5,9(2)v9(3),L,2,201503,201503
hllmon1,20,HECM Loan Current Interest Rate,104,108,Numeric,5,9(2)v9(3),L,2,201503,201503
hllmon1,21,Participation UPB,109,120,Numeric,12,9(10)v9(2),L,2,201503,201503
hllmon1,22,Participation Interest Rate,121,125,Numeric,5,9(2)v9(3),L,2,201503,201503
hllmon1,23,Loan Servicing Fee Code,126,126,Numeric,1,9,L,2,201503,201503
hllmon1,24,Expected Average Mortgage Interest Rate,127,131,Numeric,5,9(2)v9(3),L,2,201503,201503
hllmon1,25,Servicing Fee Set Aside Amount,132,143,Numeric,12,9(10)v9(2),L,2,201503,201503
hllmon1,26,HECM Original Funding Date,144,149,Numeric,6,9(6),L,2,201503,201503
hllmon1,27,Filler,150,151,Character,2,X(2),L,2,201503,201503
hllmon1,28,Property Valuation Amount,152,163,Numeric,12,9(10)v9(2),L,2,201503,201503
hllmon1,29,Original Term of Payments,164,166,Numeric,3,9(3),L,2,201503,201503
hllmon1,30,Property Charges Set Aside Amount,167,178,Numeric,12,9(10)v9(2),L,2,201503,201503
hllmon1,31,Property Repair Set Aside Amount,179,190,Numeric,12,9(10)v9(2),L,2,201503,201503
hllmon1,32,Property Valuation Effective Date,191,198,Numeric,8,9(8),L,2,201503,201503
hllmon1,33,Loan Origination Company,199,228,Character,30,X(30),L,2,201503,201503
hllmon1,34,HECM Loan Purpose Code,229,229,Numeric,1,9,L,2,201503,201503
hllmon1,35,HECM Loan Payment Option Code,230,230,Numeric,1,9,L,2,201503,201503
hllmon1,36,HECM Saver Flag,231,231,Character,1,X,L,2,201503,201503
hllmon1,37,Original Available Line of Credit Amount,232,243,Numeric,12,9(10)v9(2),L,2,201503,201503
hllmon1,38,Original Draw Amount,244,255,Numeric,12,9(10)v9(2),L,2,201503,201503
hllmon1,39,Mortgage Servicer,256,265,Character,10,X(10),L,2,201503,201503
hllmon1,40,Lifetime Floor Rate,266,270,Numeric,5,9(2)v9(3),L,2,201503,201503
hllmon1,41,Remaining Available Line of Credit Amount,271,282,Numeric,12,9(10)v9(2),L,2,201503,201503
hllmon1,42,Monthly Servicing Fee Amount,283,294,Numeric,12,9(10)v9(2),L,2,201503,201503
hllmon1,43,Monthly Scheduled Payment Amount,295,306,Numeric,12,9(10)v9(2),L,2,201503,201503
hllmon1,44,Remaining Term of Payments,307,309,Numeric,3,9(3),L,2,201503,201503
hllmon1,45,Initial Change Date,310,317,Numeric,8,9(8),L,2,201503,201503
hllmon1,46,Credit Line Set Aside Amount,318,329,Numeric,12,9(10)v9(2),L,2,201503,201503
hllmon1,47,MIP Basis Points,330,332,Numeric,3,9(3),L,2,201503,201503
hllmon1,48,Maximum Claim Amount,333,345,Numeric,13,9(11)v9(2),L,2,201503,201503
hllmon1,49,Lifetime Interest Rate Change Cap,346,347,Numeric,2,9(2),L,2,201503,201503
hllmon1,50,Reset Months,348,349,Numeric,2,9(2),L,2,201503,201503
hllmon1,51,Current Month Liquidation Flag,350,350,Character,1,X,L,2,201503,201503
hllmon1,52,Non-borrowing Spouse,351,351,Character,1,X,L,2,201503,201503
hllmon1,53,Mandatory Property Charges Set Aside,352,352,Character,1,X,L,2,201503,201503
hllmon1,54,Periodic Interest Rate Change Cap,353,354,Numeric,2,9(2),L,2,201503,201503
hllmon1,55,Maximum Interest Rate,355,359,Numeric,5,9(3)v9(2),L,2,201503,201503
hllmon1,56,Remaining Property Charges Set Aside,360,372,Numeric,13,9(11)v9(2),L,2,201503,201503
hllmon1,57,As-Of Date,373,378,Numeric,6,9(6),L,2,201503,201503
hllmon1,1,Record Type,1,1,Character,1,X,T,2,201503,201503
hllmon1,2,CUSIP Number,2,10,Character,9,X(9),T,2,201503,201503
hllmon1,3,Pool ID,11,16,Character,6,X(6),T,2,201503,201503
hllmon1,4,Issue Type,17,17,Character,1,X,T,2,201503,201503
hllmon1,5,Pool Type,18,19,Character,2,X(2),T,2,201503,201503
hllmon1,6,Pool Issue Date,20,27,Numeric,8,9(8),T,2,201503,201503
hllmon1,7,Issuer ID,28,31,Numeric,4,9(4),T,2,201503,201503
hllmon1,8,As-Of Date,32,37,Numeric,6,9(6),T,2,201503,201503
hllmon1,9,Loan Count for the Pool,38,44,Numeric,7,9(7),T,2,201503,201503
hllmon1,1,Record Type,1,1,Character,1,X,Z,2,201503,201503
hllmon1,2,File Name,2,23,Character,22,X(22),Z,2,201503,201503
hllmon1,3,File Number,24,26,Numeric,3,9(3),Z,2,201503,201503
hllmon1,4,Count of Pools in this File,27,33,Numeric,7,9(7),Z,2,201503,201503
hllmon1,5,Count of Loans in this File,34,42,Numeric,9,9(9),Z,2,201503,201503
hllmon1,6,Total Record Count,43,51,Numeric,9,9(9),Z,2,201503,201503
hllmon1,7,As-Of Date,52,57,Numeric,6,9(6),Z,2,201503,201503
hllmon1,1,Record Type,1,1,Character,1,X,H,1.7,201407,201502
hllmon1,2,File Name,2,23,Character,22,X(22),H,1.7,201407,201502
hllmon1,3,File Number,24,26,Numeric,3,9(3),H,1.7,201407,201502
hllmon1,4,File Correction Flag,27,27,Character,1,X,H,1.7,201407,201502
hllmon1,5,As-Of Date,28,33,Numeric,6,9(6),H,1.7,201407,201502
hllmon1,6,Date File Generated,34,41,Numeric,8,9(8),H,1.7,201407,201502
hllmon1,1,Record Type,1,1,Character,1,X,P,1.7,201407,201502
hllmon1,2,CUSIP Number,2,10,Character,9,X(9),P,1.7,201407,201502
hllmon1,3,Pool ID,11,16,Character,6,X(6),P,1.7,201407,201502
hllmon1,4,Issue Type,17,17,Character,1,X,P,1.7,201407,201502
hllmon1,5,Pool Type,18,19,Character,2,X(2),P,1.7,201407,201502
hllmon1,6,Pool Issue Date,20,27,Numeric,8,9(8),P,1.7,201407,201502
hllmon1,7,Issuer ID,28,31,Numeric,4,9(4),P,1.7,201407,201502
hllmon1,8,As-Of Date,32,37,Numeric,6,9(6),P,1.7,201407,201502
hllmon1,1,Record Type,1,1,Character,1,X,L,1.7,201407,201502
hllmon1,2,Pool ID,2,7,Character,6,X(6),L,1.7,201407,201502
hllmon1,3,Issuer ID,8,11,Numeric,4,9(4),L,1.7,201407,201502
hllmon1,4,Disclosure Sequence Number,12,21,Numeric,10,9(10),L,1.7,201407,201502
hllmon1,5,Sequence Number Suffix,22,24,Numeric,3,9(3),L,1.7,201407,201502
hllmon1,6,Property Type Code,25,25,Numeric,1,9,L,1.7,201407,201502
hllmon1,7,Original Principal Limit,26,37,Numeric,12,9(10)v9(2),L,1.7,201407,201502
hllmon1,8,Current Principal Limit,38,49,Numeric,12,9(10)v9(2),L,1.7,201407,201502
hllmon1,9,Reserved/Filler,50,51,Numeric,2,9(2),L,1.7,201407,201502
hllmon1,10,Payment Reason Code,52,53,Numeric,2,9(2),L,1.7,201407,201502
hllmon1,11,Original HECM Loan Balance,54,65,Numeric,12,9(10)v9(2),L,1.7,201407,201502
hllmon1,12,Current HECM Loan Balance,66,77,Numeric,12,9(10)v9(2),L,1.7,201407,201502
hllmon1,13,Mortgage Margin,78,82,Numeric,5,9(2)v9(3),L,1.7,201407,201502
hllmon1,14,Rate Reset Frequency,83,83,Character,1,X,L,1.7,201407,201502
hllmon1,15,Servicing Fee Margin,84,87,Numeric,4,9v9(3),L,1.7,201407,201502
hllmon1,16,Borrower 1 Age at Pool Issuance,88,90,Numeric,3,9(3),L,1.7,201407,201502
hllmon1,17,Borrower 2 Age at Pool Issuance,91,93,Numeric,3,9(3),L,1.7,201407,201502
hllmon1,18,MSA,94,98,Numeric,5,9(5),L,1.7,201407,201502
hllmon1,19,HECM Loan Original Interest Rate,99,103,Numeric,5,9(2)v9(3),L,1.7,201407,201502
hllmon1,20,HECM Loan Current Interest Rate,104,108,Numeric,5,9(2)v9(3),L,1.7,201407,201502
hllmon1,21,Participation UPB,109,120,Numeric,12,9(10)v9(2),L,1.7,201407,201502
hllmon1,22,Participation Interest Rate,121,125,Numeric,5,9(2)v9(3),L,1.7,201407,201502
hllmon1,23,Loan Servicing Fee Code,126,126,Numeric,1,9,L,1.7,201407,201502
hllmon1,24,Expected Average Mortgage Interest Rate,127,131,Numeric,5,9(2)v9(3),L,1.7,201407,201502
hllmon1,25,Servicing Fee Set Aside Amount,132,143,Numeric,12,9(10)v9(2),L,1.7,201407,201502
hllmon1,26,HECM Original Funding Date,144,149,Numeric,6,9(6),L,1.7,201407,201502
hllmon1,27,Filler,150,151,Character,2,X(2),L,1.7,201407,201502
hllmon1,28,Property Valuation Amount,152,163,Numeric,12,9(10)v9(2),L,1.7,201407,201502
hllmon1,29,Original Term of Payments,164,166,Numeric,3,9(3),L,1.7,201407,201502
hllmon1,30,Property Charges Set Aside Amount,167,178,Numeric,12,9(10)v9(2),L,1.7,201407,201502
hllmon1,31,Property Repair Set Aside Amount,179,190,Numeric,12,9(10)v9(2),L,1.7,201407,201502
hllmon1,32,Property Valuation Effective Date,191,198,Numeric,8,9(8),L,1.7,201407,201502
hllmon1,33,Loan Origination Company,199,228,Character,30,X(30),L,1.7,201407,201502
hllmon1,34,HECM Loan Purpose Code,229,229,Numeric,1,9,L,1.7,201407,201502
hllmon1,35,HECM Loan Payment Option Code,230,230,Numeric,1,9,L,1.7,201407,201502
hllmon1,36,HECM Saver Flag,231,231,Character,1,X,L,1.7,201407,201502
hllmon1,37,Original Available Line of Credit Amount,232,243,Numeric,12,9(10)v9(2),L,1.7,201407,201502
hllmon1,38,Original Draw Amount,244,255,Numeric,12,9(10)v9(2),L,1.7,201407,201502
hllmon1,39,Mortgage Servicer,256,265,Character,10,X(10),L,1.7,201407,201502
hllmon1,40,Lifetime Floor Rate,266,270,Numeric,5,9(2)v9(3),L,1.7,201407,201502
hllmon1,41,Remaining Available Line of Credit Amount,271,282,Numeric,12,9(10)v9(2),L,1.7,201407,201502
hllmon1,42,Monthly Servicing Fee Amount,283,294,Numeric,12,9(10)v9(2),L,1.7,201407,201502
hllmon1,43,Monthly Scheduled Payment Amount,295,306,Numeric,12,9(10)v9(2),L,1.7,201407,201502
hllmon1,44,Remaining Term of Payments,307,309,Numeric,3,9(3),L,1.7,201407,201502
hllmon1,45,Initial Change Date,310,317,Numeric,8,9(8),L,1.7,201407,201502
hllmon1,46,Credit Line Set Aside Amount,318,329,Numeric,12,9(10)v9(2),L,1.7,201407,201502
hllmon1,47,MIP Basis Points,330,332,Numeric,3,9(3),L,1.7,201407,201502
hllmon1,48,Maximum Claim Amount,333,345,Numeric,13,9(11)v9(2),L,1.7,201407,201502
hllmon1,49,Lifetime Cap/Maximum Interest Rate,346,347,Numeric,2,9(2),L,1.7,201407,201502
hllmon1,50,Reset Months,348,349,Numeric,2,9(2),L,1.7,201407,201502
hllmon1,51,Current Month Liquidation Flag,350,350,Character,1,X,L,1.7,201407,201502
hllmon1,52,As-Of Date,351,356,Numeric,6,9(6),L,1.7,201407,201502
hllmon1,1,Record Type,1,1,Character,1,X,T,1.7,201407,201502
hllmon1,2,CUSIP Number,2,10,Character,9,X(9),T,1.7,201407,201502
hllmon1,3,Pool ID,11,16,Character,6,X(6),T,1.7,201407,201502
hllmon1,4,Issue Type,17,17,Character,1,X,T,1.7,201407,201502
hllmon1,5,Pool Type,18,19,Character,2,X(2),T,1.7,201407,201502
hllmon1,6,Pool Issue Date,20,27,Numeric,8,9(8),T,1.7,201407,201502
hllmon1,7,Issuer ID,28,31,Numeric,4,9(4),T,1.7,201407,201502
hllmon1,8,As-Of Date,32,37,Numeric,6,9(6),T,1.7,201407,201502
hllmon1,9,Loan Count for the Pool,38,44,Numeric,7,9(7),T,1.7,201407,201502
hllmon1,1,Record Type,1,1,Character,1,X,Z,1.7,201407,201502
hllmon1,2,File Name,2,23,Character,22,X(22),Z,1.7,201407,201502
hllmon1,3,File Number,24,26,Numeric,3,9(3),Z,1.7,201407,201502
hllmon1,4,Count of Pools in this File,27,33,Numeric,7,9(7),Z,1.7,201407,201502
hllmon1,5,Count of Loans in this File,34,42,Numeric,9,9(9),Z,1.7,201407,201502
hllmon1,6,Total Record Count,43,51,Numeric,9,9(9),Z,1.7,201407,201502
hllmon1,7,As-Of Date,52,57,Numeric,6,9(6),Z,1.7,201407,201502
hllmon2,1,Record Type,1,1,Character,1,X,H,2.4,201803,209912
hllmon2,2,File Name,2,23,Character,22,X(22),H,2.4,201803,209912
hllmon2,3,File Number,24,26,Numeric,3,9(3),H,2.4,201803,209912
hllmon2,4,File Correction Flag,27,27,Character,1,X,H,2.4,201803,209912
hllmon2,5,As-Of Date,28,33,Numeric,6,9(6),H,2.4,201803,209912
hllmon2,6,Date File Generated,34,41,Numeric,8,9(8),H,2.4,201803,209912
hllmon2,1,Record Type,1,1,Character,1,X,P,2.4,201803,209912
hllmon2,2,CUSIP Number,2,10,Character,9,X(9),P,2.4,201803,209912
hllmon2,3,Pool ID,11,16,Character,6,X(6),P,2.4,201803,209912
hllmon2,4,Issue Type,17,17,Character,1,X,P,2.4,201803,209912
hllmon2,5,Pool Type,18,19,Character,2,X(2),P,2.4,201803,209912
hllmon2,6,Pool Issue Date,20,27,Numeric,8,9(8),P,2.4,201803,209912
hllmon2,7,Issuer ID,28,31,Numeric,4,9(4),P,2.4,201803,209912
hllmon2,8,As-Of Date,32,37,Numeric,6,9(6),P,2.4,201803,209912
hllmon2,1,Record Type,1,1,Character,1,X,L,2.4,201803,209912
hllmon2,2,Pool ID,2,7,Character,6,X(6),L,2.4,201803,209912
hllmon2,3,Issuer ID,8,11,Numeric,4,9(4),L,2.4,201803,209912
hllmon2,4,Disclosure Sequence Number,12,21,Numeric,10,9(10),L,2.4,201803,209912
hllmon2,5,Sequence Number Suffix,22,24,Numeric,3,9(3),L,2.4,201803,209912
hllmon2,6,Property Type Code,25,25,Numeric,1,9,L,2.4,201803,209912
hllmon2,7,Original Principal Limit,26,37,Numeric,12,9(10)v9(2),L,2.4,201803,209912
hllmon2,8,Current Principal Limit,38,49,Numeric,12,9(10)v9(2),L,2.4,201803,209912
hllmon2,9,Reserved/Filler,50,51,Numeric,2,9(2),L,2.4,201803,209912
hllmon2,10,Payment Reason Code,52,53,Numeric,2,9(2),L,2.4,201803,209912
hllmon2,11,Original HECM Loan Balance,54,65,Numeric,12,9(10)v9(2),L,2.4,201803,209912
hllmon2,12,Current HECM Loan Balance,66,77,Numeric,12,9(10)v9(2),L,2.4,201803,209912
hllmon2,13,Mortgage Margin,78,82,Numeric,5,9(2)v9(3),L,2.4,201803,209912
hllmon2,14,Rate Reset Frequency,83,83,Character,1,X,L,2.4,201803,209912
hllmon2,15,Servicing Fee Margin,84,87,Numeric,4,9v9(3),L,2.4,201803,209912
hllmon2,16,Borrower 1 Age at Pool Issuance,88,90,Numeric,3,9(3),L,2.4,201803,209912
hllmon2,17,Borrower 2 Age at Pool Issuance,91,93,Numeric,3,9(3),L,2.4,201803,209912
hllmon2,18,MSA,94,98,Numeric,5,9(5),L,2.4,201803,209912
hllmon2,19,HECM Loan Original Interest Rate,99,103,Numeric,5,9(2)v9(3),L,2.4,201803,209912
hllmon2,20,HECM Loan Current Interest Rate,104,108,Numeric,5,9(2)v9(3),L,2.4,201803,209912
hllmon2,21,Participation UPB,109,120,Numeric,12,9(10)v9(2),L,2.4,201803,209912
hllmon2,22,Participation Interest Rate,121,125,Numeric,5,9(2)v9(3),L,2.4,201803,209912
hllmon2,23,Loan Servicing Fee Code,126,126,Numeric,1,9,L,2.4,201803,209912
hllmon2,24,Expected Average Mortgage Interest Rate,127,131,Numeric,5,9(2)v9(3),L,2.4,201803,209912
hllmon2,25,Servicing Fee Set Aside Amount,132,143,Numeric,12,9(10)v9(2),L,2.4,201803,209912
hllmon2,26,HECM Original Funding Date,144,149,Numeric,6,9(6),L,2.4,201803,209912
hllmon2,27,Filler,150,151,Character,2,X(2),L,2.4,201803,209912
hllmon2,28,Property Valuation Amount,152,163,Numeric,12,9(10)v9(2),L,2.4,201803,209912
hllmon2,29,Original Term of Payments,164,166,Numeric,3,9(3),L,2.4,201803,209912
hllmon2,30,Property Charges Set Aside Amount,167,178,Numeric,12,9(10)v9(2),L,2.4,201803,209912
hllmon2,31,Property Repair Set Aside Amount,179,190,Numeric,12,9(10)v9(2),L,2.4,201803,209912
hllmon2,32,Property Valuation Effective Date,191,198,Numeric,8,9(8),L,2.4,201803,209912
hllmon2,33,Loan Origination Company,199,228,Character,30,X(30),L,2.4,201803,209912
hllmon2,34,HECM Loan Purpose Code,229,229,Numeric,1,9,L,2.4,201803,209912
hllmon2,35,HECM Loan Payment Option Code,230,230,Numeric,1,9,L,2.4,201803,209912
hllmon2,36,HECM Saver Flag,231,231,Character,1,X,L,2.4,201803,209912
hllmon2,37,Original Available Line of Credit Amount,232,243,Numeric,12,9(10)v9(2),L,2.4,201803,209912
hllmon2,38,Original Draw Amount,244,255,Numeric,12,9(10)v9(2),L,2.4,201803,209912
hllmon2,39,Mortgage Servicer,256,265,Character,10,X(10),L,2.4,201803,209912
hllmon2,40,Lifetime Floor Rate,266,270,Numeric,5,9(2)v9(3),L,2.4,201803,209912
hllmon2,41,Remaining Available Line of Credit Amount,271,282,Numeric,12,9(10)v9(2),L,2.4,201803,209912
hllmon2,42,Monthly Servicing Fee Amount,283,294,Numeric,12,9(10)v9(2),L,2.4,201803,209912
hllmon2,43,Monthly Scheduled Payment Amount,295,306,Numeric,12,9(10)v9(2),L,2.4,201803,209912
hllmon2,44,Remaining Term of Payments,307,309,Numeric,3,9(3),L,2.4,201803,209912
hllmon2,45,Initial Change Date,310,317,Numeric,8,9(8),L,2.4,201803,209912
hllmon2,46,Credit Line Set Aside Amount,318,329,Numeric,12,9(10)v9(2),L,2.4,201803,209912
hllmon2,47,MIP Basis Points,330,332,Numeric,3,9(3),L,2.4,201803,209912
hllmon2,48,Maximum Claim Amount,333,345,Numeric,13,9(11)v9(2),L,2.4,201803,209912
hllmon2,49,Lifetime Interest Rate Change Cap,346,347,Numeric,2,9(2),L,2.4,201803,209912
hllmon2,50,Reset Months,348,349,Numeric,2,9(2),L,2.4,201803,209912
hllmon2,51,Current Month Liquidation Flag,350,350,Character,1,X,L,2.4,201803,209912
hllmon2,52,Eligible Non-borrowing Spouse,351,351,Character,1,X,L,2.4,201803,209912
hllmon2,53,Mandatory Property Charges Set Aside,352,352,Character,1,X,L,2.4,201803,209912
hllmon2,54,Annual Interest Rate Change Cap,353,354,Numeric,2,9(2),L,2.4,201803,209912
hllmon2,55,Maximum Interest Rate,355,359,Numeric,5,9(2)v9(3),L,2.4,201803,209912
hllmon2,56,Remaining Property Charges Set Aside,360,372,Numeric,13,9(11)v9(2),L,2.4,201803,209912
hllmon2,57,As-Of Date,373,378,Numeric,6,9(6),L,2.4,201803,209912
hllmon2,58,Initial Monthly Scheduled Payment,379,391,Numeric,13,9(11)v9(2),L,2.4,201803,209912
hllmon2,59,Initial Remaining Available Line of Credit,392,404,Numeric,13,9(11)v9(2),L,2.4,201803,209912
hllmon2,60,Adjustment Date,405,412,Numeric,8,9(8),L,2.4,201803,209912
hllmon2,1,Record Type,1,1,Character,1,X,T,2.4,201803,209912
hllmon2,2,CUSIP Number,2,10,Character,9,X(9),T,2.4,201803,209912
hllmon2,3,Pool ID,11,16,Character,6,X(6),T,2.4,201803,209912
hllmon2,4,Issue Type,17,17,Character,1,X,T,2.4,201803,209912
hllmon2,5,Pool Type,18,19,Character,2,X(2),T,2.4,201803,209912
hllmon2,6,Pool Issue Date,20,27,Numeric,8,9(8),T,2.4,201803,209912
hllmon2,7,Issuer ID,28,31,Numeric,4,9(4),T,2.4,201803,209912
hllmon2,8,As-Of Date,32,37,Numeric,6,9(6),T,2.4,201803,209912
hllmon2,9,Loan Count for the Pool,38,44,Numeric,7,9(7),T,2.4,201803,209912
hllmon2,1,Record Type,1,1,Character,1,X,Z,2.4,201803,209912
hllmon2,2,File Name,2,23,Character,22,X(22),Z,2.4,201803,209912
hllmon2,3,File Number,24,26,Numeric,3,9(3),Z,2.4,201803,209912
hllmon2,4,Count of Pools in this File,27,33,Numeric,7,9(7),Z,2.4,201803,209912
hllmon2,5,Count of Loans in this File,34,42,Numeric,9,9(9),Z,2.4,201803,209912
hllmon2,6,Total Record Count,43,51,Numeric,9,9(9),Z,2.4,201803,209912
hllmon2,7,As-Of Date,52,57,Numeric,6,9(6),Z,2.4,201803,209912
hllmon2,1,Record Type,1,1,Character,1,X,H,2.3,201712,201802
hllmon2,2,File Name,2,23,Character,22,X(22),H,2.3,201712,201802
hllmon2,3,File Number,24,26,Numeric,3,9(3),H,2.3,201712,201802
hllmon2,4,File Correction Flag,27,27,Character,1,X,H,2.3,201712,201802
hllmon2,5,As-Of Date,28,33,Numeric,6,9(6),H,2.3,201712,201802
hllmon2,6,Date File Generated,34,41,Numeric,8,9(8),H,2.3,201712,201802
hllmon2,1,Record Type,1,1,Character,1,X,P,2.3,201712,201802
hllmon2,2,CUSIP Number,2,10,Character,9,X(9),P,2.3,201712,201802
hllmon2,3,Pool ID,11,16,Character,6,X(6),P,2.3,201712,201802
hllmon2,4,Issue Type,17,17,Character,1,X,P,2.3,201712,201802
hllmon2,5,Pool Type,18,19,Character,2,X(2),P,2.3,201712,201802
hllmon2,6,Pool Issue Date,20,27,Numeric,8,9(8),P,2.3,201712,201802
hllmon2,7,Issuer ID,28,31,Numeric,4,9(4),P,2.3,201712,201802
hllmon2,8,As-Of Date,32,37,Numeric,6,9(6),P,2.3,201712,201802
hllmon2,1,Record Type,1,1,Character,1,X,L,2.3,201712,201802
hllmon2,2,Pool ID,2,7,Character,6,X(6),L,2.3,201712,201802
hllmon2,3,Issuer ID,8,11,Numeric,4,9(4),L,2.3,201712,201802
hllmon2,4,Disclosure Sequence Number,12,21,Numeric,10,9(10),L,2.3,201712,201802
hllmon2,5,Sequence Number Suffix,22,24,Numeric,3,9(3),L,2.3,201712,201802
hllmon2,6,Property Type Code,25,25,Numeric,1,9,L,2.3,201712,201802
hllmon2,7,Original Principal Limit,26,37,Numeric,12,9(10)v9(2),L,2.3,201712,201802
hllmon2,8,Current Principal Limit,38,49,Numeric,12,9(10)v9(2),L,2.3,201712,201802
hllmon2,9,Reserved/Filler,50,51,Numeric,2,9(2),L,2.3,201712,201802
hllmon2,10,Payment Reason Code,52,53,Numeric,2,9(2),L,2.3,201712,201802
hllmon2,11,Original HECM Loan Balance,54,65,Numeric,12,9(10)v9(2),L,2.3,201712,201802
hllmon2,12,Current HECM Loan Balance,66,77,Numeric,12,9(10)v9(2),L,2.3,201712,201802
hllmon2,13,Mortgage Margin,78,82,Numeric,5,9(2)v9(3),L,2.3,201712,201802
hllmon2,14,Rate Reset Frequency,83,83,Character,1,X,L,2.3,201712,201802
hllmon2,15,Servicing Fee Margin,84,87,Numeric,4,9v9(3),L,2.3,201712,201802
hllmon2,16,Borrower 1 Age at Pool Issuance,88,90,Numeric,3,9(3),L,2.3,201712,201802
hllmon2,17,Borrower 2 Age at Pool Issuance,91,93,Numeric,3,9(3),L,2.3,201712,201802
hllmon2,18,MSA,94,98,Numeric,5,9(5),L,2.3,201712,201802
hllmon2,19,HECM Loan Original Interest Rate,99,103,Numeric,5,9(2)v9(3),L,2.3,201712,201802
hllmon2,20,HECM Loan Current Interest Rate,104,108,Numeric,5,9(2)v9(3),L,2.3,201712,201802
hllmon2,21,Participation UPB,109,120,Numeric,12,9(10)v9(2),L,2.3,201712,201802
hllmon2,22,Participation Interest Rate,121,125,Numeric,5,9(2)v9(3),L,2.3,201712,201802
hllmon2,23,Loan Servicing Fee Code,126,126,Numeric,1,9,L,2.3,201712,201802
hllmon2,24,Expected Average Mortgage Interest Rate,127,131,Numeric,5,9(2)v9(3),L,2.3,201712,201802
hllmon2,25,Servicing Fee Set Aside Amount,132,143,Numeric,12,9(10)v9(2),L,2.3,201712,201802
hllmon2,26,HECM Original Funding Date,144,149,Numeric,6,9(6),L,2.3,201712,201802
hllmon2,27,Filler,150,151,Character,2,X(2),L,2.3,201712,201802
hllmon2,28,Property Valuation Amount,152,163,Numeric,12,9(10)v9(2),L,2.3,201712,201802
hllmon2,29,Original Term of Payments,164,166,Numeric,3,9(3),L,2.3,201712,201802
hllmon2,30,Property Charges Set Aside Amount,167,178,Numeric,12,9(10)v9(2),L,2.3,201712,201802
hllmon2,31,Property Repair Set Aside Amount,179,190,Numeric,12,9(10)v9(2),L,2.3,201712,201802
hllmon2,32,Property Valuation Effective Date,191,198,Numeric,8,9(8),L,2.3,201712,201802
hllmon2,33,Loan Origination Company,199,228,Character,30,X(30),L,2.3,201712,201802
hllmon2,34,HECM Loan Purpose Code,229,229,Numeric,1,9,L,2.3,201712,201802
hllmon2,35,HECM Loan Payment Option Code,230,230,Numeric,1,9,L,2.3,201712,201802
hllmon2,36,HECM Saver Flag,231,231,Character,1,X,L,2.3,201712,201802
hllmon2,37,Original Available Line of Credit Amount,232,243,Numeric,12,9(10)v9(2),L,2.3,201712,201802
hllmon2,38,Original Draw Amount,244,255,Numeric,12,9(10)v9(2),L,2.3,201712,201802
hllmon2,39,Mortgage Servicer,256,265,Character,10,X(10),L,2.3,201712,201802
hllmon2,40,Lifetime Floor Rate,266,270,Numeric,5,9(2)v9(3),L,2.3,201712,201802
hllmon2,41,Remaining Available Line of Credit Amount,271,282,Numeric,12,9(10)v9(2),L,2.3,201712,201802
hllmon2,42,Monthly Servicing Fee Amount,283,294,Numeric,12,9(10)v9(2),L,2.3,201712,201802
hllmon2,43,Monthly Scheduled Payment Amount,295,306,Numeric,12,9(10)v9(2),L,2.3,201712,201802
hllmon2,44,Remaining Term of Payments,307,309,Numeric,3,9(3),L,2.3,201712,201802
hllmon2,45,Initial Change Date,310,317,Numeric,8,9(8),L,2.3,201712,201802
hllmon2,46,Credit Line Set Aside Amount,318,329,Numeric,12,9(10)v9(2),L,2.3,201712,201802
hllmon2,47,MIP Basis Points,330,332,Numeric,3,9(3),L,2.3,201712,201802
hllmon2,48,Maximum Claim Amount,333,345,Numeric,13,9(11)v9(2),L,2.3,201712,201802
hllmon2,49,Lifetime Interest Rate Change Cap,346,347,Numeric,2,9(2),L,2.3,201712,201802
hllmon2,50,Reset Months,348,349,Numeric,2,9(2),L,2.3,201712,201802
hllmon2,51,Current Month Liquidation Flag,350,350,Character,1,X,L,2.3,201712,201802
hllmon2,52,Eligible Non-borrowing Spouse,351,351,Character,1,X,L,2.3,201712,201802
hllmon2,53,Mandatory Property Charges Set Aside,352,352,Character,1,X,L,2.3,201712,201802
hllmon2,54,Annual Interest Rate Change Cap,353,354,Numeric,2,9(2),L,2.3,201712,201802
hllmon2,55,Maximum Interest Rate,355,359,Numeric,5,9(2)v9(3),L,2.3,201712,201802
hllmon2,56,Remaining Property Charges Set Aside,360,372,Numeric,13,9(11)v9(2),L,2.3,201712,201802
hllmon2,57,As-Of Date,373,378,Numeric,6,9(6),L,2.3,201712,201802
hllmon2,58,Initial Monthly Scheduled Payment,379,391,Numeric,13,9(11)v9(2),L,2.3,201712,201802
hllmon2,59,Initial Remaining Available Line of Credit,392,404,Numeric,13,9(11)v9(2),L,2.3,201712,201802
hllmon2,60,Adjustment Date,405,412,Numeric,8,9(8),L,2.3,201712,201802
hllmon2,1,Record Type,1,1,Character,1,X,T,2.3,201712,201802
hllmon2,2,CUSIP Number,2,10,Character,9,X(9),T,2.3,201712,201802
hllmon2,3,Pool ID,11,16,Character,6,X(6),T,2.3,201712,201802
hllmon2,4,Issue Type,17,17,Character,1,X,T,2.3,201712,201802
hllmon2,5,Pool Type,18,19,Character,2,X(2),T,2.3,201712,201802
hllmon2,6,Pool Issue Date,20,27,Numeric,8,9(8),T,2.3,201712,201802
hllmon2,7,Issuer ID,28,31,Numeric,4,9(4),T,2.3,201712,201802
hllmon2,8,As-Of Date,32,37,Numeric,6,9(6),T,2.3,201712,201802
hllmon2,9,Loan Count for the Pool,38,44,Numeric,7,9(7),T,2.3,201712,201802
hllmon2,1,Record Type,1,1,Character,1,X,Z,2.3,201712,201802
hllmon2,2,File Name,2,23,Character,22,X(22),Z,2.3,201712,201802
hllmon2,3,File Number,24,26,Numeric,3,9(3),Z,2.3,201712,201802
hllmon2,4,Count of Pools in this File,27,33,Numeric,7,9(7),Z,2.3,201712,201802
hllmon2,5,Count of Loans in this File,34,42,Numeric,9,9(9),Z,2.3,201712,201802
hllmon2,6,Total Record Count,43,51,Numeric,9,9(9),Z,2.3,201712,201802
hllmon2,7,As-Of Date,52,57,Numeric,6,9(6),Z,2.3,201712,201802
hllmon2,1,Record Type,1,1,Character,1,X,H,2.1,201504,201711
hllmon2,2,File Name,2,23,Character,22,X(22),H,2.1,201504,201711
hllmon2,3,File Number,24,26,Numeric,3,9(3),H,2.1,201504,201711
hllmon2,4,File Correction Flag,27,27,Character,1,X,H,2.1,201504,201711
hllmon2,5,As-Of Date,28,33,Numeric,6,9(6),H,2.1,201504,201711
hllmon2,6,Date File Generated,34,41,Numeric,8,9(8),H,2.1,201504,201711
hllmon2,1,Record Type,1,1,Character,1,X,P,2.1,201504,201711
hllmon2,2,CUSIP Number,2,10,Character,9,X(9),P,2.1,201504,201711
hllmon2,3,Pool ID,11,16,Character,6,X(6),P,2.1,201504,201711
hllmon2,4,Issue Type,17,17,Character,1,X,P,2.1,201504,201711
hllmon2,5,Pool Type,18,19,Character,2,X(2),P,2.1,201504,201711
hllmon2,6,Pool Issue Date,20,27,Numeric,8,9(8),P,2.1,201504,201711
hllmon2,7,Issuer ID,28,31,Numeric,4,9(4),P,2.1,201504,201711
hllmon2,8,As-Of Date,32,37,Numeric,6,9(6),P,2.1,201504,201711
hllmon2,1,Record Type,1,1,Character,1,X,L,2.1,201504,201711
hllmon2,2,Pool ID,2,7,Character,6,X(6),L,2.1,201504,201711
hllmon2,3,Issuer ID,8,11,Numeric,4,9(4),L,2.1,201504,201711
hllmon2,4,Disclosure Sequence Number,12,21,Numeric,10,9(10),L,2.1,201504,201711
hllmon2,5,Sequence Number Suffix,22,24,Numeric,3,9(3),L,2.1,201504,201711
hllmon2,6,Property Type Code,25,25,Numeric,1,9,L,2.1,201504,201711
hllmon2,7,Original Principal Limit,26,37,Numeric,12,9(10)v9(2),L,2.1,201504,201711
hllmon2,8,Current Principal Limit,38,49,Numeric,12,9(10)v9(2),L,2.1,201504,201711
hllmon2,9,Reserved/Filler,50,51,Numeric,2,9(2),L,2.1,201504,201711
hllmon2,10,Payment Reason Code,52,53,Numeric,2,9(2),L,2.1,201504,201711
hllmon2,11,Original HECM Loan Balance,54,65,Numeric,12,9(10)v9(2),L,2.1,201504,201711
hllmon2,12,Current HECM Loan Balance,66,77,Numeric,12,9(10)v9(2),L,2.1,201504,201711
hllmon2,13,Mortgage Margin,78,82,Numeric,5,9(2)v9(3),L,2.1,201504,201711
hllmon2,14,Rate Reset Frequency,83,83,Character,1,X,L,2.1,201504,201711
hllmon2,15,Servicing Fee Margin,84,87,Numeric,4,9v9(3),L,2.1,201504,201711
hllmon2,16,Borrower 1 Age at Pool Issuance,88,90,Numeric,3,9(3),L,2.1,201504,201711
hllmon2,17,Borrower 2 Age at Pool Issuance,91,93,Numeric,3,9(3),L,2.1,201504,201711
hllmon2,18,MSA,94,98,Numeric,5,9(5),L,2.1,201504,201711
hllmon2,19,HECM Loan Original Interest Rate,99,103,Numeric,5,9(2)v9(3),L,2.1,201504,201711
hllmon2,20,HECM Loan Current Interest Rate,104,108,Numeric,5,9(2)v9(3),L,2.1,201504,201711
hllmon2,21,Participation UPB,109,120,Numeric,12,9(10)v9(2),L,2.1,201504,201711
hllmon2,22,Participation Interest Rate,121,125,Numeric,5,9(2)v9(3),L,2.1,201504,201711
hllmon2,23,Loan Servicing Fee Code,126,126,Numeric,1,9,L,2.1,201504,201711
hllmon2,24,Expected Average Mortgage Interest Rate,127,131,Numeric,5,9(2)v9(3),L,2.1,201504,201711
hllmon2,25,Servicing Fee Set Aside Amount,132,143,Numeric,12,9(10)v9(2),L,2.1,201504,201711
hllmon2,26,HECM Original Funding Date,144,149,Numeric,6,9(6),L,2.1,201504,201711
hllmon2,27,Filler,150,151,Character,2,X(2),L,2.1,201504,201711
hllmon2,28,Property Valuation Amount,152,163,Numeric,12,9(10)v9(2),L,2.1,201504,201711
hllmon2,29,Original Term of Payments,164,166,Numeric,3,9(3),L,2.1,201504,201711
hllmon2,30,Property Charges Set Aside Amount,167,178,Numeric,12,9(10)v9(2),L,2.1,201504,201711
hllmon2,31,Property Repair Set Aside Amount,179,190,Numeric,12,9(10)v9(2),L,2.1,201504,201711
hllmon2,32,Property Valuation Effective Date,191,198,Numeric,8,9(8),L,2.1,201504,201711
hllmon2,33,Loan Origination Company,199,228,Character,30,X(30),L,2.1,201504,201711
hllmon2,34,HECM Loan Purpose Code,229,229,Numeric,1,9,L,2.1,201504,201711
hllmon2,35,HECM Loan Payment Option Code,230,230,Numeric,1,9,L,2.1,201504,201711
hllmon2,36,HECM Saver Flag,231,231,Character,1,X,L,2.1,201504,201711
hllmon2,37,Original Available Line of Credit Amount,232,243,Numeric,12,9(10)v9(2),L,2.1,201504,201711
hllmon2,38,Original Draw Amount,244,255,Numeric,12,9(10)v9(2),L,2.1,201504,201711
hllmon2,39,Mortgage Servicer,256,265,Character,10,X(10),L,2.1,201504,201711
hllmon2,40,Lifetime Floor Rate,266,270,Numeric,5,9(2)v9(3),L,2.1,201504,201711
hllmon2,41,Remaining Available Line of Credit Amount,271,282,Numeric,12,9(10)v9(2),L,2.1,201504,201711
hllmon2,42,Monthly Servicing Fee Amount,283,294,Numeric,12,9(10)v9(2),L,2.1,201504,201711
hllmon2,43,Monthly Scheduled Payment Amount,295,306,Numeric,12,9(10)v9(2),L,2.1,201504,201711
hllmon2,44,Remaining Term of Payments,307,309,Numeric,3,9(3),L,2.1,201504,201711
hllmon2,45,Initial Change Date,310,317,Numeric,8,9(8),L,2.1,201504,201711
hllmon2,46,Credit Line Set Aside Amount,318,329,Numeric,12,9(10)v9(2),L,2.1,201504,201711
hllmon2,47,MIP Basis Points,330,332,Numeric,3,9(3),L,2.1,201504,201711
hllmon2,48,Maximum Claim Amount,333,345,Numeric,13,9(11)v9(2),L,2.1,201504,201711
hllmon2,49,Lifetime Interest Rate Change Cap,346,347,Numeric,2,9(2),L,2.1,201504,201711
hllmon2,50,Reset Months,348,349,Numeric,2,9(2),L,2.1,201504,201711
hllmon2,51,Current Month Liquidation Flag,350,350,Character,1,X,L,2.1,201504,201711
hllmon2,52,Non-borrowing Spouse,351,351,Character,1,X,L,2.1,201504,201711
hllmon2,53,Mandatory Property Charges Set Aside,352,352,Character,1,X,L,2.1,201504,201711
hllmon2,54,Annual Interest Rate Change Cap,353,354,Numeric,2,9(2),L,2.1,201504,201711
hllmon2,55,Maximum Interest Rate,355,359,Numeric,5,9(2)v9(3),L,2.1,201504,201711
hllmon2,56,Remaining Property Charges Set Aside,360,372,Numeric,13,9(11)v9(2),L,2.1,201504,201711
hllmon2,57,As-Of Date,373,378,Numeric,6,9(6),L,2.1,201504,201711
hllmon2,1,Record Type,1,1,Character,1,X,T,2.1,201504,201711
hllmon2,2,CUSIP Number,2,10,Character,9,X(9),T,2.1,201504,201711
hllmon2,3,Pool ID,11,16,Character,6,X(6),T,2.1,201504,201711
hllmon2,4,Issue Type,17,17,Character,1,X,T,2.1,201504,201711
hllmon2,5,Pool Type,18,19,Character,2,X(2),T,2.1,201504,201711
hllmon2,6,Pool Issue Date,20,27,Numeric,8,9(8),T,2.1,201504,201711
hllmon2,7,Issuer ID,28,31,Numeric,4,9(4),T,2.1,201504,201711
hllmon2,8,As-Of Date,32,37,Numeric,6,9(6),T,2.1,201504,201711
hllmon2,9,Loan Count for the Pool,38,44,Numeric,7,9(7),T,2.1,201504,201711
hllmon2,1,Record Type,1,1,Character,1,X,Z,2.1,201504,201711
hllmon2,2,File Name,2,23,Character,22,X(22),Z,2.1,201504,201711
hllmon2,3,File Number,24,26,Numeric,3,9(3),Z,2.1,201504,201711
hllmon2,4,Count of Pools in this File,27,33,Numeric,7,9(7),Z,2.1,201504,201711
hllmon2,5,Count of Loans in this File,34,42,Numeric,9,9(9),Z,2.1,201504,201711
hllmon2,6,Total Record Count,43,51,Numeric,9,9(9),Z,2.1,201504,201711
hllmon2,7,As-Of Date,52,57,Numeric,6,9(6),Z,2.1,201504,201711
hllmon2,1,Record Type,1,1,Character,1,X,H,2,201503,201503
hllmon2,2,File Name,2,23,Character,22,X(22),H,2,201503,201503
hllmon2,3,File Number,24,26,Numeric,3,9(3),H,2,201503,201503
hllmon2,4,File Correction Flag,27,27,Character,1,X,H,2,201503,201503
hllmon2,5,As-Of Date,28,33,Numeric,6,9(6),H,2,201503,201503
hllmon2,6,Date File Generated,34,41,Numeric,8,9(8),H,2,201503,201503
hllmon2,1,Record Type,1,1,Character,1,X,P,2,201503,201503
hllmon2,2,CUSIP Number,2,10,Character,9,X(9),P,2,201503,201503
hllmon2,3,Pool ID,11,16,Character,6,X(6),P,2,201503,201503
hllmon2,4,Issue Type,17,17,Character,1,X,P,2,201503,201503
hllmon2,5,Pool Type,18,19,Character,2,X(2),P,2,201503,201503
hllmon2,6,Pool Issue Date,20,27,Numeric,8,9(8),P,2,201503,201503
hllmon2,7,Issuer ID,28,31,Numeric,4,9(4),P,2,201503,201503
hllmon2,8,As-Of Date,32,37,Numeric,6,9(6),P,2,201503,201503
hllmon2,1,Record Type,1,1,Character,1,X,L,2,201503,201503
hllmon2,2,Pool ID,2,7,Character,6,X(6),L,2,201503,201503
hllmon2,3,Issuer ID,8,11,Numeric,4,9(4),L,2,201503,201503
hllmon2,4,Disclosure Sequence Number,12,21,Numeric,10,9(10),L,2,201503,201503
hllmon2,5,Sequence Number Suffix,22,24,Numeric,3,9(3),L,2,201503,201503
hllmon2,6,Property Type Code,25,25,Numeric,1,9,L,2,201503,201503
hllmon2,7,Original Principal Limit,26,37,Numeric,12,9(10)v9(2),L,2,201503,201503
hllmon2,8,Current Principal Limit,38,49,Numeric,12,9(10)v9(2),L,2,201503,201503
hllmon2,9,Reserved/Filler,50,51,Numeric,2,9(2),L,2,201503,201503
hllmon2,10,Payment Reason Code,52,53,Numeric,2,9(2),L,2,201503,201503
hllmon2,11,Original HECM Loan Balance,54,65,Numeric,12,9(10)v9(2),L,2,201503,201503
hllmon2,12,Current HECM Loan Balance,66,77,Numeric,12,9(10)v9(2),L,2,201503,201503
hllmon2,13,Mortgage Margin,78,82,Numeric,5,9(2)v9(3),L,2,201503,201503
hllmon2,14,Rate Reset Frequency,83,83,Character,1,X,L,2,201503,201503
hllmon2,15,Servicing Fee Margin,84,87,Numeric,4,9v9(3),L,2,201503,201503
hllmon2,16,Borrower 1 Age at Pool Issuance,88,90,Numeric,3,9(3),L,2,201503,201503
hllmon2,17,Borrower 2 Age at Pool Issuance,91,93,Numeric,3,9(3),L,2,201503,201503
hllmon2,18,MSA,94,98,Numeric,5,9(5),L,2,201503,201503
hllmon2,19,HECM Loan Original Interest Rate,99,103,Numeric,5,9(2)v9(3),L,2,201503,201503
hllmon2,20,HECM Loan Current Interest Rate,104,108,Numeric,5,9(2)v9(3),L,2,201503,201503
hllmon2,21,Participation UPB,109,120,Numeric,12,9(10)v9(2),L,2,201503,201503
hllmon2,22,Participation Interest Rate,121,125,Numeric,5,9(2)v9(3),L,2,201503,201503
hllmon2,23,Loan Servicing Fee Code,126,126,Numeric,1,9,L,2,201503,201503
hllmon2,24,Expected Average Mortgage Interest Rate,127,131,Numeric,5,9(2)v9(3),L,2,201503,201503
hllmon2,25,Servicing Fee Set Aside Amount,132,143,Numeric,12,9(10)v9(2),L,2,201503,201503
hllmon2,26,HECM Original Funding Date,144,149,Numeric,6,9(6),L,2,201503,201503
hllmon2,27,Filler,150,151,Character,2,X(2),L,2,201503,201503
hllmon2,28,Property Valuation Amount,152,163,Numeric,12,9(10)v9(2),L,2,201503,201503
hllmon2,29,Original Term of Payments,164,166,Numeric,3,9(3),L,2,201503,201503
hllmon2,30,Property Charges Set Aside Amount,167,178,Numeric,12,9(10)v9(2),L,2,201503,201503
hllmon2,31,Property Repair Set Aside Amount,179,190,Numeric,12,9(10)v9(2),L,2,201503,201503
hllmon2,32,Property Valuation Effective Date,191,198,Numeric,8,9(8),L,2,201503,201503
hllmon2,33,Loan Origination Company,199,228,Character,30,X(30),L,2,201503,201503
hllmon2,34,HECM Loan Purpose Code,229,229,Numeric,1,9,L,2,201503,201503
hllmon2,35,HECM Loan Payment Option Code,230,230,Numeric,1,9,L,2,201503,201503
hllmon2,36,HECM Saver Flag,231,231,Character,1,X,L,2,201503,201503
hllmon2,37,Original Available Line of Credit Amount,232,243,Numeric,12,9(10)v9(2),L,2,201503,201503
hllmon2,38,Original Draw Amount,244,255,Numeric,12,9(10)v9(2),L,2,201503,201503
hllmon2,39,Mortgage Servicer,256,265,Character,10,X(10),L,2,201503,201503
hllmon2,40,Lifetime Floor Rate,266,270,Numeric,5,9(2)v9(3),L,2,201503,201503
hllmon2,41,Remaining Available Line of Credit Amount,271,282,Numeric,12,9(10)v9(2),L,2,201503,201503
hllmon2,42,Monthly Servicing Fee Amount,283,294,Numeric,12,9(10)v9(2),L,2,201503,201503
hllmon2,43,Monthly Scheduled Payment Amount,295,306,Numeric,12,9(10)v9(2),L,2,201503,201503
hllmon2,44,Remaining Term of Payments,307,309,Numeric,3,9(3),L,2,201503,201503
hllmon2,45,Initial Change Date,310,317,Numeric,8,9(8),L,2,201503,201503
hllmon2,46,Credit Line Set Aside Amount,318,329,Numeric,12,9(10)v9(2),L,2,201503,201503
hllmon2,47,MIP Basis Points,330,332,Numeric,3,9(3),L,2,201503,201503
hllmon2,48,Maximum Claim Amount,333,345,Numeric,13,9(11)v9(2),L,2,201503,201503
hllmon2,49,Lifetime Interest Rate Change Cap,346,347,Numeric,2,9(2),L,2,201503,201503
hllmon2,50,Reset Months,348,349,Numeric,2,9(2),L,2,201503,201503
hllmon2,51,Current Month Liquidation Flag,350,350,Character,1,X,L,2,201503,201503
hllmon2,52,Non-borrowing Spouse,351,351,Character,1,X,L,2,201503,201503
hllmon2,53,Mandatory Property Charges Set Aside,352,352,Character,1,X,L,2,201503,201503
hllmon2,54,Periodic Interest Rate Change Cap,353,354,Numeric,2,9(2),L,2,201503,201503
hllmon2,55,Maximum Interest Rate,355,359,Numeric,5,9(3)v9(2),L,2,201503,201503
hllmon2,56,Remaining Property Charges Set Aside,360,372,Numeric,13,9(11)v9(2),L,2,201503,201503
hllmon2,57,As-Of Date,373,378,Numeric,6,9(6),L,2,201503,201503
hllmon2,1,Record Type,1,1,Character,1,X,T,2,201503,201503
hllmon2,2,CUSIP Number,2,10,Character,9,X(9),T,2,201503,201503
hllmon2,3,Pool ID,11,16,Character,6,X(6),T,2,201503,201503
hllmon2,4,Issue Type,17,17,Character,1,X,T,2,201503,201503
hllmon2,5,Pool Type,18,19,Character,2,X(2),T,2,201503,201503
hllmon2,6,Pool Issue Date,20,27,Numeric,8,9(8),T,2,201503,201503
hllmon2,7,Issuer ID,28,31,Numeric,4,9(4),T,2,201503,201503
hllmon2,8,As-Of Date,32,37,Numeric,6,9(6),T,2,201503,201503
hllmon2,9,Loan Count for the Pool,38,44,Numeric,7,9(7),T,2,201503,201503
hllmon2,1,Record Type,1,1,Character,1,X,Z,2,201503,201503
hllmon2,2,File Name,2,23,Character,22,X(22),Z,2,201503,201503
hllmon2,3,File Number,24,26,Numeric,3,9(3),Z,2,201503,201503
hllmon2,4,Count of Pools in this File,27,33,Numeric,7,9(7),Z,2,201503,201503
hllmon2,5,Count of Loans in this File,34,42,Numeric,9,9(9),Z,2,201503,201503
hllmon2,6,Total Record Count,43,51,Numeric,9,9(9),Z,2,201503,201503
hllmon2,7,As-Of Date,52,57,Numeric,6,9(6),Z,2,201503,201503
hllmon2,1,Record Type,1,1,Character,1,X,H,1.7,201407,201502
hllmon2,2,File Name,2,23,Character,22,X(22),H,1.7,201407,201502
hllmon2,3,File Number,24,26,Numeric,3,9(3),H,1.7,201407,201502
hllmon2,4,File Correction Flag,27,27,Character,1,X,H,1.7,201407,201502
hllmon2,5,As-Of Date,28,33,Numeric,6,9(6),H,1.7,201407,201502
hllmon2,6,Date File Generated,34,41,Numeric,8,9(8),H,1.7,201407,201502
hllmon2,1,Record Type,1,1,Character,1,X,P,1.7,201407,201502
hllmon2,2,CUSIP Number,2,10,Character,9,X(9),P,1.7,201407,201502
hllmon2,3,Pool ID,11,16,Character,6,X(6),P,1.7,201407,201502
hllmon2,4,Issue Type,17,17,Character,1,X,P,1.7,201407,201502
hllmon2,5,Pool Type,18,19,Character,2,X(2),P,1.7,201407,201502
hllmon2,6,Pool Issue Date,20,27,Numeric,8,9(8),P,1.7,201407,201502
hllmon2,7,Issuer ID,28,31,Numeric,4,9(4),P,1.7,201407,201502
hllmon2,8,As-Of Date,32,37,Numeric,6,9(6),P,1.7,201407,201502
hllmon2,1,Record Type,1,1,Character,1,X,L,1.7,201407,201502
hllmon2,2,Pool ID,2,7,Character,6,X(6),L,1.7,201407,201502
hllmon2,3,Issuer ID,8,11,Numeric,4,9(4),L,1.7,201407,201502
hllmon2,4,Disclosure Sequence Number,12,21,Numeric,10,9(10),L,1.7,201407,201502
hllmon2,5,Sequence Number Suffix,22,24,Numeric,3,9(3),L,1.7,201407,201502
hllmon2,6,Property Type Code,25,25,Numeric,1,9,L,1.7,201407,201502
hllmon2,7,Original Principal Limit,26,37,Numeric,12,9(10)v9(2),L,1.7,201407,201502
hllmon2,8,Current Principal Limit,38,49,Numeric,12,9(10)v9(2),L,1.7,201407,201502
hllmon2,9,Reserved/Filler,50,51,Numeric,2,9(2),L,1.7,201407,201502
hllmon2,10,Payment Reason Code,52,53,Numeric,2,9(2),L,1.7,201407,201502
hllmon2,11,Original HECM Loan Balance,54,65,Numeric,12,9(10)v9(2),L,1.7,201407,201502
hllmon2,12,Current HECM Loan Balance,66,77,Numeric,12,9(10)v9(2),L,1.7,201407,201502
hllmon2,13,Mortgage Margin,78,82,Numeric,5,9(2)v9(3),L,1.7,201407,201502
hllmon2,14,Rate Reset Frequency,83,83,Character,1,X,L,1.7,201407,201502
hllmon2,15,Servicing Fee Margin,84,87,Numeric,4,9v9(3),L,1.7,201407,201502
hllmon2,16,Borrower 1 Age at Pool Issuance,88,90,Numeric,3,9(3),L,1.7,201407,201502
hllmon2,17,Borrower 2 Age at Pool Issuance,91,93,Numeric,3,9(3),L,1.7,201407,201502
hllmon2,18,MSA,94,98,Numeric,5,9(5),L,1.7,201407,201502
hllmon2,19,HECM Loan Original Interest Rate,99,103,Numeric,5,9(2)v9(3),L,1.7,201407,201502
hllmon2,20,HECM Loan Current Interest Rate,104,108,Numeric,5,9(2)v9(3),L,1.7,201407,201502
hllmon2,21,Participation UPB,109,120,Numeric,12,9(10)v9(2),L,1.7,201407,201502
hllmon2,22,Participation Interest Rate,121,125,Numeric,5,9(2)v9(3),L,1.7,201407,201502
hllmon2,23,Loan Servicing Fee Code,126,126,Numeric,1,9,L,1.7,201407,201502
hllmon2,24,Expected Average Mortgage Interest Rate,127,131,Numeric,5,9(2)v9(3),L,1.7,201407,201502
hllmon2,25,Servicing Fee Set Aside Amount,132,143,Numeric,12,9(10)v9(2),L,1.7,201407,201502
hllmon2,26,HECM Original Funding Date,144,149,Numeric,6,9(6),L,1.7,201407,201502
hllmon2,27,Filler,150,151,Character,2,X(2),L,1.7,201407,201502
hllmon2,28,Property Valuation Amount,152,163,Numeric,12,9(10)v9(2),L,1.7,201407,201502
hllmon2,29,Original Term of Payments,164,166,Numeric,3,9(3),L,1.7,201407,201502
hllmon2,30,Property Charges Set Aside Amount,167,178,Numeric,12,9(10)v9(2),L,1.7,201407,201502
hllmon2,31,Property Repair Set Aside Amount,179,190,Numeric,12,9(10)v9(2),L,1.7,201407,201502
hllmon2,32,Property Valuation Effective Date,191,198,Numeric,8,9(8),L,1.7,201407,201502
hllmon2,33,Loan Origination Company,199,228,Character,30,X(30),L,1.7,201407,201502
hllmon2,34,HECM Loan Purpose Code,229,229,Numeric,1,9,L,1.7,201407,201502
hllmon2,35,HECM Loan Payment Option Code,230,230,Numeric,1,9,L,1.7,201407,201502
hllmon2,36,HECM Saver Flag,231,231,Character,1,X,L,1.7,201407,201502
hllmon2,37,Original Available Line of Credit Amount,232,243,Numeric,12,9(10)v9(2),L,1.7,201407,201502
hllmon2,38,Original Draw Amount,244,255,Numeric,12,9(10)v9(2),L,1.7,201407,201502
hllmon2,39,Mortgage Servicer,256,265,Character,10,X(10),L,1.7,201407,201502
hllmon2,40,Lifetime Floor Rate,266,270,Numeric,5,9(2)v9(3),L,1.7,201407,201502
hllmon2,41,Remaining Available Line of Credit Amount,271,282,Numeric,12,9(10)v9(2),L,1.7,201407,201502
hllmon2,42,Monthly Servicing Fee Amount,283,294,Numeric,12,9(10)v9(2),L,1.7,201407,201502
hllmon2,43,Monthly Scheduled Payment Amount,295,306,Numeric,12,9(10)v9(2),L,1.7,201407,201502
hllmon2,44,Remaining Term of Payments,307,309,Numeric,3,9(3),L,1.7,201407,201502
hllmon2,45,Initial Change Date,310,317,Numeric,8,9(8),L,1.7,201407,201502
hllmon2,46,Credit Line Set Aside Amount,318,329,Numeric,12,9(10)v9(2),L,1.7,201407,201502
hllmon2,47,MIP Basis Points,330,332,Numeric,3,9(3),L,1.7,201407,201502
hllmon2,48,Maximum Claim Amount,333,345,Numeric,13,9(11)v9(2),L,1.7,201407,201502
hllmon2,49,Lifetime Cap/Maximum Interest Rate,346,347,Numeric,2,9(2),L,1.7,201407,201502
hllmon2,50,Reset Months,348,349,Numeric,2,9(2),L,1.7,201407,201502
hllmon2,51,Current Month Liquidation Flag,350,350,Character,1,X,L,1.7,201407,201502
hllmon2,52,As-Of Date,351,356,Numeric,6,9(6),L,1.7,201407,201502
hllmon2,1,Record Type,1,1,Character,1,X,T,1.7,201407,201502
hllmon2,2,CUSIP Number,2,10,Character,9,X(9),T,1.7,201407,201502
hllmon2,3,Pool ID,11,16,Character,6,X(6),T,1.7,201407,201502
hllmon2,4,Issue Type,17,17,Character,1,X,T,1.7,201407,201502
hllmon2,5,Pool Type,18,19,Character,2,X(2),T,1.7,201407,201502
hllmon2,6,Pool Issue Date,20,27,Numeric,8,9(8),T,1.7,201407,201502
hllmon2,7,Issuer ID,28,31,Numeric,4,9(4),T,1.7,201407,201502
hllmon2,8,As-Of Date,32,37,Numeric,6,9(6),T,1.7,201407,201502
hllmon2,9,Loan Count for the Pool,38,44,Numeric,7,9(7),T,1.7,201407,201502
hllmon2,1,Record Type,1,1,Character,1,X,Z,1.7,201407,201502
hllmon2,2,File Name,2,23,Character,22,X(22),Z,1.7,201407,201502
hllmon2,3,File Number,24,26,Numeric,3,9(3),Z,1.7,201407,201502
hllmon2,4,Count of Pools in this File,27,33,Numeric,7,9(7),Z,1.7,201407,201502
hllmon2,5,Count of Loans in this File,34,42,Numeric,9,9(9),Z,1.7,201407,201502
hllmon2,6,Total Record Count,43,51,Numeric,9,9(9),Z,1.7,201407,201502
hllmon2,7,As-Of Date,52,57,Numeric,6,9(6),Z,1.7,201407,201502
