Item,Data Element,Type,Max Length,Format,Description,Definition,File,Min_Date,Max_Date,Record_Type
01,Record Type = HP,Character,2,,,File Header Record,monthlySFS_MBS SF PORTFOLIO - POOL SUPPLEMENTAL Layout V1.2.4 (Mar 2022 - Dec 2022).pdf,2022-03-01,2022-12-01,HP
02,Reporting Period,Numeric,6,YYYYMM,,The monthly reporting period for the data in the file.,monthlySFS_MBS SF PORTFOLIO - POOL SUPPLEMENTAL Layout V1.2.4 (Mar 2022 - Dec 2022).pdf,2022-03-01,2022-12-01,HP
03,Create Date,Date,8,YYYYMMDD,,The date that the file is produced.,monthlySFS_MBS SF PORTFOLIO - POOL SUPPLEMENTAL Layout V1.2.4 (Mar 2022 - Dec 2022).pdf,2022-03-01,2022-12-01,HP
01,Record Type = PS,Character,2,,,SF Pool/Security Detail Record,monthlySFS_MBS SF PORTFOLIO - POOL SUPPLEMENTAL Layout V1.2.4 (Mar 2022 - Dec 2022).pdf,2022-03-01,2022-12-01,PS
02,CUSIP Number,Character,9,,,"The unique identification number permanently assigned by the
Committee on Uniform Securities Identification Procedures
(CUSIP).",monthlySFS_MBS SF PORTFOLIO - POOL SUPPLEMENTAL Layout V1.2.4 (Mar 2022 - Dec 2022).pdf,2022-03-01,2022-12-01,PS
03,Pool ID,Character,6,,,"The Ginnie Mae unique identifier for the pool; this is assigned by
Ginnie Mae at pool issuance.",monthlySFS_MBS SF PORTFOLIO - POOL SUPPLEMENTAL Layout V1.2.4 (Mar 2022 - Dec 2022).pdf,2022-03-01,2022-12-01,PS
04,Pool Indicator,Character,1,,,"Identifies the Issue Type of the pool. Values are X, C, or M.",monthlySFS_MBS SF PORTFOLIO - POOL SUPPLEMENTAL Layout V1.2.4 (Mar 2022 - Dec 2022).pdf,2022-03-01,2022-12-01,PS
05,Pool Type,Character,2,,,"The type of Ginnie Mae pool. Appendix 1 provides a listing of
pool types.",monthlySFS_MBS SF PORTFOLIO - POOL SUPPLEMENTAL Layout V1.2.4 (Mar 2022 - Dec 2022).pdf,2022-03-01,2022-12-01,PS
06,Issue Date,Date,8,YYYYMMDD,,The date that the pool was issued,monthlySFS_MBS SF PORTFOLIO - POOL SUPPLEMENTAL Layout V1.2.4 (Mar 2022 - Dec 2022).pdf,2022-03-01,2022-12-01,PS
07,Security Interest Rate,Numeric,6,2.3,,"The interest rate of the Ginnie Mae Security. For ARM pools this
is the rate in effect for the report period.",monthlySFS_MBS SF PORTFOLIO - POOL SUPPLEMENTAL Layout V1.2.4 (Mar 2022 - Dec 2022).pdf,2022-03-01,2022-12-01,PS
08,Maturity Date,Numeric,8,YYYYMMDD,,"The date on which the final payment for the Security is
scheduled to be paid.",monthlySFS_MBS SF PORTFOLIO - POOL SUPPLEMENTAL Layout V1.2.4 (Mar 2022 - Dec 2022).pdf,2022-03-01,2022-12-01,PS
01,Record Type = TP,Character,2,,,File Trailer Record,monthlySFS_MBS SF PORTFOLIO - POOL SUPPLEMENTAL Layout V1.2.4 (Mar 2022 - Dec 2022).pdf,2022-03-01,2022-12-01,TP
02,Reporting Period,Numeric,6,YYYYMM,,The monthly reporting period for the data in the file.,monthlySFS_MBS SF PORTFOLIO - POOL SUPPLEMENTAL Layout V1.2.4 (Mar 2022 - Dec 2022).pdf,2022-03-01,2022-12-01,TP
03,File Create Date,Date,8,YYYYMMDD,,The date that the file is produced.,monthlySFS_MBS SF PORTFOLIO - POOL SUPPLEMENTAL Layout V1.2.4 (Mar 2022 - Dec 2022).pdf,2022-03-01,2022-12-01,TP
04,Detail Record Count,Numeric,8,,,"Control total of the total number of records with Record Type =
“PS” in the file.",monthlySFS_MBS SF PORTFOLIO - POOL SUPPLEMENTAL Layout V1.2.4 (Mar 2022 - Dec 2022).pdf,2022-03-01,2022-12-01,TP
01,Record Type = HS,Character,2,,,File Header Record,monthlySFS_MBS SF PORTFOLIO - POOL SUPPLEMENTAL Layout V1.2.4 (Mar 2022 - Dec 2022).pdf,2022-03-01,2022-12-01,HS
02,Reporting Period,Numeric,6,YYYYMM,,The monthly reporting period for the data in the file.,monthlySFS_MBS SF PORTFOLIO - POOL SUPPLEMENTAL Layout V1.2.4 (Mar 2022 - Dec 2022).pdf,2022-03-01,2022-12-01,HS
03,Create Date,Date,8,YYYYMMDD,,The date that the file is produced.,monthlySFS_MBS SF PORTFOLIO - POOL SUPPLEMENTAL Layout V1.2.4 (Mar 2022 - Dec 2022).pdf,2022-03-01,2022-12-01,HS
01,Record Type = 01,Character,2,,,Adjustable Rate Mortgage Record; applies to ARM Pools only.,monthlySFS_MBS SF PORTFOLIO - POOL SUPPLEMENTAL Layout V1.2.4 (Mar 2022 - Dec 2022).pdf,2022-03-01,2022-12-01,01
02,CUSIP,Character,9,,,"The unique identification number permanently assigned by
the Committee on Uniform Securities Identification
Procedures (CUSIP).",monthlySFS_MBS SF PORTFOLIO - POOL SUPPLEMENTAL Layout V1.2.4 (Mar 2022 - Dec 2022).pdf,2022-03-01,2022-12-01,01
03,Pool ID,Character,6,,,"The Ginnie Mae unique identifier for the pool; this is assigned
by Ginnie Mae at pool issuance.",monthlySFS_MBS SF PORTFOLIO - POOL SUPPLEMENTAL Layout V1.2.4 (Mar 2022 - Dec 2022).pdf,2022-03-01,2022-12-01,01
04,Pool Indicator,Character,1,,,Identifies the Issue Type of the pool. Values are C or M.,monthlySFS_MBS SF PORTFOLIO - POOL SUPPLEMENTAL Layout V1.2.4 (Mar 2022 - Dec 2022).pdf,2022-03-01,2022-12-01,01
05,Pool Type,Character,2,,,"The type of Ginnie Mae pool. Appendix 1 provides a listing of
pool types.",monthlySFS_MBS SF PORTFOLIO - POOL SUPPLEMENTAL Layout V1.2.4 (Mar 2022 - Dec 2022).pdf,2022-03-01,2022-12-01,01
06,Look Back Period,Numeric,2,,,"The two-digit number of days used to establish a specific
point in time for the particular ARM Index that will be used to",monthlySFS_MBS SF PORTFOLIO - POOL SUPPLEMENTAL Layout V1.2.4 (Mar 2022 - Dec 2022).pdf,2022-03-01,2022-12-01,01
01,Record Type = 02,Character,2,,,"Issuer-Level Pool Detail Record for each Issuer in the Multiple
Issuer Pool (MIP)",monthlySFS_MBS SF PORTFOLIO - POOL SUPPLEMENTAL Layout V1.2.4 (Mar 2022 - Dec 2022).pdf,2022-03-01,2022-12-01,02
02,CUSIP Number,Character,9,,,"The unique identification number permanently assigned by the
Committee on Uniform Securities Identification Procedures
(CUSIP).",monthlySFS_MBS SF PORTFOLIO - POOL SUPPLEMENTAL Layout V1.2.4 (Mar 2022 - Dec 2022).pdf,2022-03-01,2022-12-01,02
03,Pool ID,Character,6,,,"The Ginnie Mae unique identifier for the pool; this is assigned
by Ginnie Mae at pool issuance.",monthlySFS_MBS SF PORTFOLIO - POOL SUPPLEMENTAL Layout V1.2.4 (Mar 2022 - Dec 2022).pdf,2022-03-01,2022-12-01,02
04,Pool Indicator = M,Character,1,,,"Identifies the Issue Type of the pool. Value is always M
(always M for Record Type 02 Multi Issuer Pools )",monthlySFS_MBS SF PORTFOLIO - POOL SUPPLEMENTAL Layout V1.2.4 (Mar 2022 - Dec 2022).pdf,2022-03-01,2022-12-01,02
05,Pool Type,Character,2,,,"The type of Ginnie Mae pool. Appendix 1 provides a listing of
pool types.",monthlySFS_MBS SF PORTFOLIO - POOL SUPPLEMENTAL Layout V1.2.4 (Mar 2022 - Dec 2022).pdf,2022-03-01,2022-12-01,02
06,Issuer Number,Numeric,4,,,"A four-digit number which identifies the Issuer participating in
the Multiple Issuer Pool.",monthlySFS_MBS SF PORTFOLIO - POOL SUPPLEMENTAL Layout V1.2.4 (Mar 2022 - Dec 2022).pdf,2022-03-01,2022-12-01,02
07,Issuer Name,Character,40,,,"The name of the Issuer participating in the Multiple Issuer
Pool.",monthlySFS_MBS SF PORTFOLIO - POOL SUPPLEMENTAL Layout V1.2.4 (Mar 2022 - Dec 2022).pdf,2022-03-01,2022-12-01,02
08,Number of Loans in Pool,Numeric,6,,,"The total number of loans in the Multiple Issuer Pool for the
Issuer.",monthlySFS_MBS SF PORTFOLIO - POOL SUPPLEMENTAL Layout V1.2.4 (Mar 2022 - Dec 2022).pdf,2022-03-01,2022-12-01,02
09,% of Loans in Pool,Numeric,6,3.2,,"The percentage of the number of loans in the Multiple Issuer
Pool for the Issuer.",monthlySFS_MBS SF PORTFOLIO - POOL SUPPLEMENTAL Layout V1.2.4 (Mar 2022 - Dec 2022).pdf,2022-03-01,2022-12-01,02
10,Pool UPB,Numeric,16,13.2,,"The sum of the actual Unpaid Principal Balances in the
Multiple Issuer Pool for the Issuer.",monthlySFS_MBS SF PORTFOLIO - POOL SUPPLEMENTAL Layout V1.2.4 (Mar 2022 - Dec 2022).pdf,2022-03-01,2022-12-01,02
11,% of UPB in Pool,Numeric,6,3.2,,"The percentage of the Unpaid Principal Balance in the Multiple
Issuer Pool for the Issuer.",monthlySFS_MBS SF PORTFOLIO - POOL SUPPLEMENTAL Layout V1.2.4 (Mar 2022 - Dec 2022).pdf,2022-03-01,2022-12-01,02
12,WA Original Loan Size,Numeric,16,13.2,,"Weighted Average of the Original Loan Size (principal amount
of the loan) of the loans in the Multiple Issuer Pool for the
Issuer.",monthlySFS_MBS SF PORTFOLIO - POOL SUPPLEMENTAL Layout V1.2.4 (Mar 2022 - Dec 2022).pdf,2022-03-01,2022-12-01,02
01,Record Type = 03,Character,2,,,Pool Transfer Record,monthlySFS_MBS SF PORTFOLIO - POOL SUPPLEMENTAL Layout V1.2.4 (Mar 2022 - Dec 2022).pdf,2022-03-01,2022-12-01,03
02,CUSIP,Character,9,,,"The unique identification number permanently assigned by
the Committee on Uniform Securities Identification
Procedures (CUSIP).",monthlySFS_MBS SF PORTFOLIO - POOL SUPPLEMENTAL Layout V1.2.4 (Mar 2022 - Dec 2022).pdf,2022-03-01,2022-12-01,03
03,Pool ID,Character,6,,,"The Ginnie Mae unique identifier for the pool; this is assigned
by Ginnie Mae at pool issuance.",monthlySFS_MBS SF PORTFOLIO - POOL SUPPLEMENTAL Layout V1.2.4 (Mar 2022 - Dec 2022).pdf,2022-03-01,2022-12-01,03
04,Pool Indicator,Character,1,,,"Identifies the Issue Type of the pool. Values are X, C, or M.
Transfers in M pools are aggregated by selling/buying Issuers.",monthlySFS_MBS SF PORTFOLIO - POOL SUPPLEMENTAL Layout V1.2.4 (Mar 2022 - Dec 2022).pdf,2022-03-01,2022-12-01,03
05,Pool Type,Character,2,,,"The type of Ginnie Mae pool. Appendix 1 provides a listing of
pool types.",monthlySFS_MBS SF PORTFOLIO - POOL SUPPLEMENTAL Layout V1.2.4 (Mar 2022 - Dec 2022).pdf,2022-03-01,2022-12-01,03
06,Pool Issue Date,Date,8,YYYYMMDD,,The issue date of the pool.,monthlySFS_MBS SF PORTFOLIO - POOL SUPPLEMENTAL Layout V1.2.4 (Mar 2022 - Dec 2022).pdf,2022-03-01,2022-12-01,03
07,Transfer Type,Numeric,1,,,"The type of pool transfer. Values are:
1 = PIIT (Pool Issued for Immediate Transfer)
2 = Regular",monthlySFS_MBS SF PORTFOLIO - POOL SUPPLEMENTAL Layout V1.2.4 (Mar 2022 - Dec 2022).pdf,2022-03-01,2022-12-01,03
08,Selling Issuer,Numeric,4,,,Unique Identifier of the Issuer selling (transferring the pool),monthlySFS_MBS SF PORTFOLIO - POOL SUPPLEMENTAL Layout V1.2.4 (Mar 2022 - Dec 2022).pdf,2022-03-01,2022-12-01,03
09,Buying Issuer,Numeric,4,,,Unique identifier of the Issuer buying (receiving the pool),monthlySFS_MBS SF PORTFOLIO - POOL SUPPLEMENTAL Layout V1.2.4 (Mar 2022 - Dec 2022).pdf,2022-03-01,2022-12-01,03
10,Number of Loans,Numeric,6,,,Total number of loans transferred in the pool,monthlySFS_MBS SF PORTFOLIO - POOL SUPPLEMENTAL Layout V1.2.4 (Mar 2022 - Dec 2022).pdf,2022-03-01,2022-12-01,03
11,UPB of Loans,Numeric,16,13.2,,"Aggregate actual Unpaid Principal Balances of the loans
transferred in the pool.",monthlySFS_MBS SF PORTFOLIO - POOL SUPPLEMENTAL Layout V1.2.4 (Mar 2022 - Dec 2022).pdf,2022-03-01,2022-12-01,03
01,Record Type = 04,Character,2,,,Quartiles Record,monthlySFS_MBS SF PORTFOLIO - POOL SUPPLEMENTAL Layout V1.2.4 (Mar 2022 - Dec 2022).pdf,2022-03-01,2022-12-01,04
02,CUSIP,Character,9,,,"The unique identification number permanently assigned by
the Committee on Uniform Securities Identification
Procedures (CUSIP).",monthlySFS_MBS SF PORTFOLIO - POOL SUPPLEMENTAL Layout V1.2.4 (Mar 2022 - Dec 2022).pdf,2022-03-01,2022-12-01,04
03,Pool ID,Character,6,,,"The Ginnie Mae unique identifier for the pool; this is assigned
by Ginnie Mae at pool issuance.",monthlySFS_MBS SF PORTFOLIO - POOL SUPPLEMENTAL Layout V1.2.4 (Mar 2022 - Dec 2022).pdf,2022-03-01,2022-12-01,04
04,Pool Indicator,Character,1,,,"Identifies the Issue Type of the pool. Values are X, C, or M.",monthlySFS_MBS SF PORTFOLIO - POOL SUPPLEMENTAL Layout V1.2.4 (Mar 2022 - Dec 2022).pdf,2022-03-01,2022-12-01,04
05,Pool Type,Character,2,,,"The type of Ginnie Mae pool. Appendix 1 provides a listing of
pool types.",monthlySFS_MBS SF PORTFOLIO - POOL SUPPLEMENTAL Layout V1.2.4 (Mar 2022 - Dec 2022).pdf,2022-03-01,2022-12-01,04
06,Quartiles,Character,1,,,"Values are:
4 = Maximum (100%) Quartile
3 = 75th Percentage Quartile
2 = Median (50%) Percentage Quartile
1 = 25th Percentage Quartile
0 = Minimum (0%) Quartile",monthlySFS_MBS SF PORTFOLIO - POOL SUPPLEMENTAL Layout V1.2.4 (Mar 2022 - Dec 2022).pdf,2022-03-01,2022-12-01,04
07,Original Loan Size,Numeric,16,13.2,,"Original Loan Size (original principal amount of the loan) for
the loans in the quartile.",monthlySFS_MBS SF PORTFOLIO - POOL SUPPLEMENTAL Layout V1.2.4 (Mar 2022 - Dec 2022).pdf,2022-03-01,2022-12-01,04
08,Interest Rate (Coupon),Numeric,6,2.3,,Interest Rate (Coupon) of the loans in the quartile.,monthlySFS_MBS SF PORTFOLIO - POOL SUPPLEMENTAL Layout V1.2.4 (Mar 2022 - Dec 2022).pdf,2022-03-01,2022-12-01,04
09,Remaining Maturity,Numeric,3,,,"Remaining Maturity (months left before maturity) of the
loans in the quartile.",monthlySFS_MBS SF PORTFOLIO - POOL SUPPLEMENTAL Layout V1.2.4 (Mar 2022 - Dec 2022).pdf,2022-03-01,2022-12-01,04
10,Loan Age,Numeric,3,,,Loan Age (age of loans in months) of the loans in the quartile.,monthlySFS_MBS SF PORTFOLIO - POOL SUPPLEMENTAL Layout V1.2.4 (Mar 2022 - Dec 2022).pdf,2022-03-01,2022-12-01,04
11,Original Loan Term,Numeric,3,,,"Original Loan Term (original length of loans in months) for the
loans in the quartile.",monthlySFS_MBS SF PORTFOLIO - POOL SUPPLEMENTAL Layout V1.2.4 (Mar 2022 - Dec 2022).pdf,2022-03-01,2022-12-01,04
12,Gross Margin,Numeric,6,2.3,,"Gross Margin for the loans in the quartile. For an adjustable
rate loan, the Gross Margin is the amount added to the ARM
index for the loan to determine the loan’s interest rate.",monthlySFS_MBS SF PORTFOLIO - POOL SUPPLEMENTAL Layout V1.2.4 (Mar 2022 - Dec 2022).pdf,2022-03-01,2022-12-01,04
13,LTV,Numeric,3,,,Loan-to-Value Ratio for the loans in the quartile.,monthlySFS_MBS SF PORTFOLIO - POOL SUPPLEMENTAL Layout V1.2.4 (Mar 2022 - Dec 2022).pdf,2022-03-01,2022-12-01,04
14,CLTV,Numeric,3,,,"The Combined Loan-to-Value Ratio of the loan for the
quartile.",monthlySFS_MBS SF PORTFOLIO - POOL SUPPLEMENTAL Layout V1.2.4 (Mar 2022 - Dec 2022).pdf,2022-03-01,2022-12-01,04
01,Record Type = 05,Character,2,,,Loan Type Government Insured/Guarantee Stratification,monthlySFS_MBS SF PORTFOLIO - POOL SUPPLEMENTAL Layout V1.2.4 (Mar 2022 - Dec 2022).pdf,2022-03-01,2022-12-01,05
02,CUSIP,Character,9,,,"The unique identification number permanently assigned by
the Committee on Uniform Securities Identification
Procedures (CUSIP).",monthlySFS_MBS SF PORTFOLIO - POOL SUPPLEMENTAL Layout V1.2.4 (Mar 2022 - Dec 2022).pdf,2022-03-01,2022-12-01,05
03,Pool ID,Character,6,,,"The Ginnie Mae unique identifier for the pool; this is assigned
by Ginnie Mae at pool issuance.",monthlySFS_MBS SF PORTFOLIO - POOL SUPPLEMENTAL Layout V1.2.4 (Mar 2022 - Dec 2022).pdf,2022-03-01,2022-12-01,05
04,Pool Indicator,Character,1,,,"Identifies the Issue Type of the pool. Values are X, C, or M.",monthlySFS_MBS SF PORTFOLIO - POOL SUPPLEMENTAL Layout V1.2.4 (Mar 2022 - Dec 2022).pdf,2022-03-01,2022-12-01,05
05,Pool Type,Character,2,,,"The type of Ginnie Mae pool. Appendix 1 provides a listing of
pool types.",monthlySFS_MBS SF PORTFOLIO - POOL SUPPLEMENTAL Layout V1.2.4 (Mar 2022 - Dec 2022).pdf,2022-03-01,2022-12-01,05
06,Loan Type,Character,1,,,"This is the Federal government agency. Values are:
F = Federal Housing Administration
V = Veterans Administration
R = Rural Development
N = Native American Section 184
9 = Not Available",monthlySFS_MBS SF PORTFOLIO - POOL SUPPLEMENTAL Layout V1.2.4 (Mar 2022 - Dec 2022).pdf,2022-03-01,2022-12-01,05
07,Number of Loans,Numeric,6,,,The number of loans in the pool for the Loan Type Value.,monthlySFS_MBS SF PORTFOLIO - POOL SUPPLEMENTAL Layout V1.2.4 (Mar 2022 - Dec 2022).pdf,2022-03-01,2022-12-01,05
08,% of Loans,Numeric,6,3.2,,"The percentage of the number of loans in the pool for the
Loan Type Value.",monthlySFS_MBS SF PORTFOLIO - POOL SUPPLEMENTAL Layout V1.2.4 (Mar 2022 - Dec 2022).pdf,2022-03-01,2022-12-01,05
09,UPB,Numeric,16,13.2,,"The total Unpaid Balance (UPB) in the pool for the Loan Type
Value.",monthlySFS_MBS SF PORTFOLIO - POOL SUPPLEMENTAL Layout V1.2.4 (Mar 2022 - Dec 2022).pdf,2022-03-01,2022-12-01,05
10,% of UPB,Numeric,6,3.2,,"The percentage of the total Unpaid Balance (UPB) in the pool
for the Loan Type Value.",monthlySFS_MBS SF PORTFOLIO - POOL SUPPLEMENTAL Layout V1.2.4 (Mar 2022 - Dec 2022).pdf,2022-03-01,2022-12-01,05
01,Record Type = 06,Character,2,,,Loan Purpose Stratification,monthlySFS_MBS SF PORTFOLIO - POOL SUPPLEMENTAL Layout V1.2.4 (Mar 2022 - Dec 2022).pdf,2022-03-01,2022-12-01,06
02,CUSIP,Character,9,,,"The unique identification number permanently assigned by
the Committee on Uniform Securities Identification
Procedures (CUSIP).",monthlySFS_MBS SF PORTFOLIO - POOL SUPPLEMENTAL Layout V1.2.4 (Mar 2022 - Dec 2022).pdf,2022-03-01,2022-12-01,06
03,Pool ID,Character,6,,,"The Ginnie Mae unique identifier for the pool; this is assigned
by Ginnie Mae at pool issuance.",monthlySFS_MBS SF PORTFOLIO - POOL SUPPLEMENTAL Layout V1.2.4 (Mar 2022 - Dec 2022).pdf,2022-03-01,2022-12-01,06
04,Pool Indicator,Character,1,,,"Identifies the Issue Type of the pool. Values are X, C, or M.",monthlySFS_MBS SF PORTFOLIO - POOL SUPPLEMENTAL Layout V1.2.4 (Mar 2022 - Dec 2022).pdf,2022-03-01,2022-12-01,06
05,Pool Type,Character,2,,,"The type of Ginnie Mae pool. Appendix 1 provides a listing of
pool types.",monthlySFS_MBS SF PORTFOLIO - POOL SUPPLEMENTAL Layout V1.2.4 (Mar 2022 - Dec 2022).pdf,2022-03-01,2022-12-01,06
06,Loan Purpose,Numeric,1,,,"Value 5 is in “RG” Pool Type pools only. Values are:
1 = Regular
2 = Refinance
3 = Loan Modification (HAMP)
4 = Loan Modification (non-HAMP)
5 = Re-performing
9 = Not Available",monthlySFS_MBS SF PORTFOLIO - POOL SUPPLEMENTAL Layout V1.2.4 (Mar 2022 - Dec 2022).pdf,2022-03-01,2022-12-01,06
07,Number of Loans,Numeric,6,,,The number of loans in the pool for the Loan Purpose Value.,monthlySFS_MBS SF PORTFOLIO - POOL SUPPLEMENTAL Layout V1.2.4 (Mar 2022 - Dec 2022).pdf,2022-03-01,2022-12-01,06
08,% of Loans,Numeric,6,3.2,,"The percentage of the number of loans in the pool for the
Loan Purpose Value.",monthlySFS_MBS SF PORTFOLIO - POOL SUPPLEMENTAL Layout V1.2.4 (Mar 2022 - Dec 2022).pdf,2022-03-01,2022-12-01,06
09,UPB,Numeric,16,13.2,,"The total Unpaid Balance (UPB) in the pool for the Loan
Purpose Value.",monthlySFS_MBS SF PORTFOLIO - POOL SUPPLEMENTAL Layout V1.2.4 (Mar 2022 - Dec 2022).pdf,2022-03-01,2022-12-01,06
10,% of UPB,Numeric,6,3.2,,"The percentage of the total Unpaid Balance (UPB) in the pool
for the Loan Purpose Value.",monthlySFS_MBS SF PORTFOLIO - POOL SUPPLEMENTAL Layout V1.2.4 (Mar 2022 - Dec 2022).pdf,2022-03-01,2022-12-01,06
01,Record Type = 07,Character,2,,,Number of Living Units Stratification,monthlySFS_MBS SF PORTFOLIO - POOL SUPPLEMENTAL Layout V1.2.4 (Mar 2022 - Dec 2022).pdf,2022-03-01,2022-12-01,07
02,CUSIP,Character,9,,,"The unique identification number permanently assigned by
the Committee on Uniform Securities Identification
Procedures (CUSIP).",monthlySFS_MBS SF PORTFOLIO - POOL SUPPLEMENTAL Layout V1.2.4 (Mar 2022 - Dec 2022).pdf,2022-03-01,2022-12-01,07
03,Pool ID,Character,6,,,"The Ginnie Mae unique identifier for the pool; this is assigned
by Ginnie Mae at pool issuance.",monthlySFS_MBS SF PORTFOLIO - POOL SUPPLEMENTAL Layout V1.2.4 (Mar 2022 - Dec 2022).pdf,2022-03-01,2022-12-01,07
04,Pool Indicator,Character,1,,,"Identifies the Issue Type of the pool. Values are X, C, or M.",monthlySFS_MBS SF PORTFOLIO - POOL SUPPLEMENTAL Layout V1.2.4 (Mar 2022 - Dec 2022).pdf,2022-03-01,2022-12-01,07
05,Pool Type,Character,2,,,"The type of Ginnie Mae pool. Appendix 1 provides a listing of
pool types.",monthlySFS_MBS SF PORTFOLIO - POOL SUPPLEMENTAL Layout V1.2.4 (Mar 2022 - Dec 2022).pdf,2022-03-01,2022-12-01,07
06,Living Units,Numeric,1,,,"Values are:
1 = 1 Unit
2 = 2 Units
3 = 3 Units
4 = 4 Units
9 = Not Available",monthlySFS_MBS SF PORTFOLIO - POOL SUPPLEMENTAL Layout V1.2.4 (Mar 2022 - Dec 2022).pdf,2022-03-01,2022-12-01,07
07,Number of Loans,Numeric,6,,,The number of loans in the pool for the Living Units Value.,monthlySFS_MBS SF PORTFOLIO - POOL SUPPLEMENTAL Layout V1.2.4 (Mar 2022 - Dec 2022).pdf,2022-03-01,2022-12-01,07
08,% of Loans,Numeric,6,3.2,,"The percentage of the number of loans in the pool for the
Living Units Value.",monthlySFS_MBS SF PORTFOLIO - POOL SUPPLEMENTAL Layout V1.2.4 (Mar 2022 - Dec 2022).pdf,2022-03-01,2022-12-01,07
09,UPB,Numeric,16,13.2,,"The total Unpaid Balance (UPB) in the pool for the Living
Units Value.",monthlySFS_MBS SF PORTFOLIO - POOL SUPPLEMENTAL Layout V1.2.4 (Mar 2022 - Dec 2022).pdf,2022-03-01,2022-12-01,07
10,% of UPB,Numeric,6,3.2,,"The percentage of the total Unpaid Balance (UPB) in the pool
for the Living Units Value.",monthlySFS_MBS SF PORTFOLIO - POOL SUPPLEMENTAL Layout V1.2.4 (Mar 2022 - Dec 2022).pdf,2022-03-01,2022-12-01,07
01,Record Type = 08,Character,2,,,First Time Homebuyer Stratification,monthlySFS_MBS SF PORTFOLIO - POOL SUPPLEMENTAL Layout V1.2.4 (Mar 2022 - Dec 2022).pdf,2022-03-01,2022-12-01,08
02,CUSIP,Character,9,,,"The unique identification number permanently assigned by
the Committee on Uniform Securities Identification
Procedures (CUSIP).",monthlySFS_MBS SF PORTFOLIO - POOL SUPPLEMENTAL Layout V1.2.4 (Mar 2022 - Dec 2022).pdf,2022-03-01,2022-12-01,08
03,Pool ID,Character,6,,,"The Ginnie Mae unique identifier for the pool; this is assigned
by Ginnie Mae at pool issuance.",monthlySFS_MBS SF PORTFOLIO - POOL SUPPLEMENTAL Layout V1.2.4 (Mar 2022 - Dec 2022).pdf,2022-03-01,2022-12-01,08
04,Pool Indicator,Character,1,,,"Identifies the Issue Type of the pool. Values are X, C, or M.",monthlySFS_MBS SF PORTFOLIO - POOL SUPPLEMENTAL Layout V1.2.4 (Mar 2022 - Dec 2022).pdf,2022-03-01,2022-12-01,08
05,Pool Type,Character,2,,,"The type of Ginnie Mae pool. Appendix 1 provides a listing of
pool types.",monthlySFS_MBS SF PORTFOLIO - POOL SUPPLEMENTAL Layout V1.2.4 (Mar 2022 - Dec 2022).pdf,2022-03-01,2022-12-01,08
06,First Time Homebuyer,Character,1,,,"Values are:
Y = Yes
N = No
9 = Not Available",monthlySFS_MBS SF PORTFOLIO - POOL SUPPLEMENTAL Layout V1.2.4 (Mar 2022 - Dec 2022).pdf,2022-03-01,2022-12-01,08
07,Number of Loans,Numeric,6,,,"The number of loans in the pool for the First Time
Homebuyer Value.",monthlySFS_MBS SF PORTFOLIO - POOL SUPPLEMENTAL Layout V1.2.4 (Mar 2022 - Dec 2022).pdf,2022-03-01,2022-12-01,08
08,% of Loans,Numeric,6,3.2,,"The percentage of the number of loans in the pool for the
First Time Homebuyer Value.",monthlySFS_MBS SF PORTFOLIO - POOL SUPPLEMENTAL Layout V1.2.4 (Mar 2022 - Dec 2022).pdf,2022-03-01,2022-12-01,08
09,UPB,Numeric,16,13.2,,"The total Unpaid Balance (UPB) in the pool for the First Time
Homebuyer Value.",monthlySFS_MBS SF PORTFOLIO - POOL SUPPLEMENTAL Layout V1.2.4 (Mar 2022 - Dec 2022).pdf,2022-03-01,2022-12-01,08
10,% of UPB,Numeric,6,3.2,,"The percentage of the total Unpaid Balance (UPB) in the pool
for the First Time Homebuyer Value.",monthlySFS_MBS SF PORTFOLIO - POOL SUPPLEMENTAL Layout V1.2.4 (Mar 2022 - Dec 2022).pdf,2022-03-01,2022-12-01,08
01,Record Type = 09,Character,2,,,Removal Type Stratification,monthlySFS_MBS SF PORTFOLIO - POOL SUPPLEMENTAL Layout V1.2.4 (Mar 2022 - Dec 2022).pdf,2022-03-01,2022-12-01,09
02,CUSIP,Character,9,,,"The unique identification number permanently assigned by
the Committee on Uniform Securities Identification
Procedures (CUSIP).",monthlySFS_MBS SF PORTFOLIO - POOL SUPPLEMENTAL Layout V1.2.4 (Mar 2022 - Dec 2022).pdf,2022-03-01,2022-12-01,09
03,Pool ID,Character,6,,,"The Ginnie Mae unique identifier for the pool; this is assigned
by Ginnie Mae at pool issuance.",monthlySFS_MBS SF PORTFOLIO - POOL SUPPLEMENTAL Layout V1.2.4 (Mar 2022 - Dec 2022).pdf,2022-03-01,2022-12-01,09
04,Pool Indicator,Character,1,,,"Identifies the Issue Type of the pool. Values are X, C, or M.",monthlySFS_MBS SF PORTFOLIO - POOL SUPPLEMENTAL Layout V1.2.4 (Mar 2022 - Dec 2022).pdf,2022-03-01,2022-12-01,09
05,Pool Type,Character,2,,,"The type of Ginnie Mae pool. Appendix 1 provides a listing of
pool types.",monthlySFS_MBS SF PORTFOLIO - POOL SUPPLEMENTAL Layout V1.2.4 (Mar 2022 - Dec 2022).pdf,2022-03-01,2022-12-01,09
06,Removal Type,Numeric,1,,,"This is a code of the reason for removal from the pool.
Values are:
1 = Mortgager Payoff
2 = Repurchase of Delinquent Loan
3 = Foreclosure with Claim Payment
4 = Loss Mitigation
5 = Substitution
6 = Other Removal",monthlySFS_MBS SF PORTFOLIO - POOL SUPPLEMENTAL Layout V1.2.4 (Mar 2022 - Dec 2022).pdf,2022-03-01,2022-12-01,09
07,Number of Loans,Numeric,6,,,The number of loans in the pool for the Removal Type Value.,monthlySFS_MBS SF PORTFOLIO - POOL SUPPLEMENTAL Layout V1.2.4 (Mar 2022 - Dec 2022).pdf,2022-03-01,2022-12-01,09
08,% of Loans,Numeric,6,3.2,,"The percentage of the number of loans in the pool for the
Removal Type Value.",monthlySFS_MBS SF PORTFOLIO - POOL SUPPLEMENTAL Layout V1.2.4 (Mar 2022 - Dec 2022).pdf,2022-03-01,2022-12-01,09
09,UPB,Numeric,16,13.2,,"The total Unpaid Balance (UPB) in the pool for the Removal
Type Value.",monthlySFS_MBS SF PORTFOLIO - POOL SUPPLEMENTAL Layout V1.2.4 (Mar 2022 - Dec 2022).pdf,2022-03-01,2022-12-01,09
10,% of UPB,Numeric,6,3.2,,"The percentage of the total Unpaid Balance (UPB) in the pool
for the Removal Type Value.",monthlySFS_MBS SF PORTFOLIO - POOL SUPPLEMENTAL Layout V1.2.4 (Mar 2022 - Dec 2022).pdf,2022-03-01,2022-12-01,09
01,Record Type = 10,Character,2,,,Down Payment Assistance Stratification,monthlySFS_MBS SF PORTFOLIO - POOL SUPPLEMENTAL Layout V1.2.4 (Mar 2022 - Dec 2022).pdf,2022-03-01,2022-12-01,10
02,CUSIP,Character,9,,,"The unique identification number permanently assigned by
the Committee on Uniform Securities Identification
Procedures (CUSIP).",monthlySFS_MBS SF PORTFOLIO - POOL SUPPLEMENTAL Layout V1.2.4 (Mar 2022 - Dec 2022).pdf,2022-03-01,2022-12-01,10
03,Pool ID,Character,6,,,"The Ginnie Mae unique identifier for the pool; this is assigned
by Ginnie Mae at pool issuance.",monthlySFS_MBS SF PORTFOLIO - POOL SUPPLEMENTAL Layout V1.2.4 (Mar 2022 - Dec 2022).pdf,2022-03-01,2022-12-01,10
04,Pool Indicator,Character,1,,,"Identifies the Issue Type of the pool. Values are X, C, or M.",monthlySFS_MBS SF PORTFOLIO - POOL SUPPLEMENTAL Layout V1.2.4 (Mar 2022 - Dec 2022).pdf,2022-03-01,2022-12-01,10
05,Pool Type,Character,2,,,"The type of Ginnie Mae pool. Appendix 1 provides a listing of
pool types.",monthlySFS_MBS SF PORTFOLIO - POOL SUPPLEMENTAL Layout V1.2.4 (Mar 2022 - Dec 2022).pdf,2022-03-01,2022-12-01,10
06,Down Payment Assistance,Character,1,,,"Values are:
Y = Yes
N = No
9 = Not Available",monthlySFS_MBS SF PORTFOLIO - POOL SUPPLEMENTAL Layout V1.2.4 (Mar 2022 - Dec 2022).pdf,2022-03-01,2022-12-01,10
07,Number of Loans,Numeric,6,,,"The number of loans in the pool for the Down Payment
Assistance Value.",monthlySFS_MBS SF PORTFOLIO - POOL SUPPLEMENTAL Layout V1.2.4 (Mar 2022 - Dec 2022).pdf,2022-03-01,2022-12-01,10
08,% of Loans,Numeric,6,3.2,,"The percentage of the number of loans in the pool for the
Down Payment Assistance Value.",monthlySFS_MBS SF PORTFOLIO - POOL SUPPLEMENTAL Layout V1.2.4 (Mar 2022 - Dec 2022).pdf,2022-03-01,2022-12-01,10
09,UPB,Numeric,16,13.2,,"The total Unpaid Balance (UPB) in the pool for the Down
Payment Assistance Value.",monthlySFS_MBS SF PORTFOLIO - POOL SUPPLEMENTAL Layout V1.2.4 (Mar 2022 - Dec 2022).pdf,2022-03-01,2022-12-01,10
10,% of UPB,Numeric,6,3.2,,"The percentage of the total Unpaid Balance (UPB) in the pool
for the Down Payment Assistance Value.",monthlySFS_MBS SF PORTFOLIO - POOL SUPPLEMENTAL Layout V1.2.4 (Mar 2022 - Dec 2022).pdf,2022-03-01,2022-12-01,10
01,Record Type = 11,Character,2,,,Loan Origination Channel Stratification,monthlySFS_MBS SF PORTFOLIO - POOL SUPPLEMENTAL Layout V1.2.4 (Mar 2022 - Dec 2022).pdf,2022-03-01,2022-12-01,11
02,CUSIP,Character,9,,,"The unique identification number permanently assigned by
the Committee on Uniform Securities Identification
Procedures (CUSIP).",monthlySFS_MBS SF PORTFOLIO - POOL SUPPLEMENTAL Layout V1.2.4 (Mar 2022 - Dec 2022).pdf,2022-03-01,2022-12-01,11
03,Pool ID,Character,6,,,"The Ginnie Mae unique identifier for the pool; this is assigned
by Ginnie Mae at pool issuance.",monthlySFS_MBS SF PORTFOLIO - POOL SUPPLEMENTAL Layout V1.2.4 (Mar 2022 - Dec 2022).pdf,2022-03-01,2022-12-01,11
04,Pool Indicator,Character,1,,,"Identifies the Issue Type of the pool. Values are X, C, or M.",monthlySFS_MBS SF PORTFOLIO - POOL SUPPLEMENTAL Layout V1.2.4 (Mar 2022 - Dec 2022).pdf,2022-03-01,2022-12-01,11
05,Pool Type,Character,2,,,"The type of Ginnie Mae pool. Appendix 1 provides a listing of
pool types.",monthlySFS_MBS SF PORTFOLIO - POOL SUPPLEMENTAL Layout V1.2.4 (Mar 2022 - Dec 2022).pdf,2022-03-01,2022-12-01,11
06,Loan Origination Type,Numeric,1,,,"Values are:
1 = Broker
2 = Correspondent
3 = Retail
9 = Not Available",monthlySFS_MBS SF PORTFOLIO - POOL SUPPLEMENTAL Layout V1.2.4 (Mar 2022 - Dec 2022).pdf,2022-03-01,2022-12-01,11
07,Number of Loans,Numeric,6,,,"The number of loans in the pool for the Loan Origination Type
Value.",monthlySFS_MBS SF PORTFOLIO - POOL SUPPLEMENTAL Layout V1.2.4 (Mar 2022 - Dec 2022).pdf,2022-03-01,2022-12-01,11
08,% of Loans,Numeric,6,3.2,,"The percentage of the number of loans in the pool for the
Loan Origination Type Value.",monthlySFS_MBS SF PORTFOLIO - POOL SUPPLEMENTAL Layout V1.2.4 (Mar 2022 - Dec 2022).pdf,2022-03-01,2022-12-01,11
09,UPB,Numeric,16,13.2,,"The total Unpaid Balance (UPB) in the pool for the Loan
Origination Type Value.",monthlySFS_MBS SF PORTFOLIO - POOL SUPPLEMENTAL Layout V1.2.4 (Mar 2022 - Dec 2022).pdf,2022-03-01,2022-12-01,11
10,% of UPB,Numeric,6,3.2,,"The percentage of the total Unpaid Balance (UPB) in the pool
for the Loan Origination Type Value.",monthlySFS_MBS SF PORTFOLIO - POOL SUPPLEMENTAL Layout V1.2.4 (Mar 2022 - Dec 2022).pdf,2022-03-01,2022-12-01,11
01,Record Type = 12,Character,2,,,Origination Year Stratification,monthlySFS_MBS SF PORTFOLIO - POOL SUPPLEMENTAL Layout V1.2.4 (Mar 2022 - Dec 2022).pdf,2022-03-01,2022-12-01,12
02,CUSIP,Character,9,,,"The unique identification number permanently assigned by
the Committee on Uniform Securities Identification
Procedures (CUSIP).",monthlySFS_MBS SF PORTFOLIO - POOL SUPPLEMENTAL Layout V1.2.4 (Mar 2022 - Dec 2022).pdf,2022-03-01,2022-12-01,12
03,Pool ID,Character,6,,,"The Ginnie Mae unique identifier for the pool; this is assigned
by Ginnie Mae at pool issuance.",monthlySFS_MBS SF PORTFOLIO - POOL SUPPLEMENTAL Layout V1.2.4 (Mar 2022 - Dec 2022).pdf,2022-03-01,2022-12-01,12
04,Pool Indicator,Character,1,,,"Identifies the Issue Type of the pool. Values are X, C, or M.",monthlySFS_MBS SF PORTFOLIO - POOL SUPPLEMENTAL Layout V1.2.4 (Mar 2022 - Dec 2022).pdf,2022-03-01,2022-12-01,12
05,Pool Type,Character,2,,,"The type of Ginnie Mae pool. Appendix 1 provides a listing of
pool types.",monthlySFS_MBS SF PORTFOLIO - POOL SUPPLEMENTAL Layout V1.2.4 (Mar 2022 - Dec 2022).pdf,2022-03-01,2022-12-01,12
06,Origination Year,Numeric,4,,,Values are the Year of Origination,monthlySFS_MBS SF PORTFOLIO - POOL SUPPLEMENTAL Layout V1.2.4 (Mar 2022 - Dec 2022).pdf,2022-03-01,2022-12-01,12
07,Number of Loans,Numeric,6,,,"The number of loans in the pool for the Origination Year
Value.",monthlySFS_MBS SF PORTFOLIO - POOL SUPPLEMENTAL Layout V1.2.4 (Mar 2022 - Dec 2022).pdf,2022-03-01,2022-12-01,12
08,% of Loans,Numeric,6,3.2,,"The percentage of the number of loans in the pool for the
Origination Year Value.",monthlySFS_MBS SF PORTFOLIO - POOL SUPPLEMENTAL Layout V1.2.4 (Mar 2022 - Dec 2022).pdf,2022-03-01,2022-12-01,12
09,UPB,Numeric,16,13.2,,"The total Unpaid Balance (UPB) in the pool for the Origination
Year Value.",monthlySFS_MBS SF PORTFOLIO - POOL SUPPLEMENTAL Layout V1.2.4 (Mar 2022 - Dec 2022).pdf,2022-03-01,2022-12-01,12
10,% of UPB,Numeric,6,3.2,,"The percentage of the total Unpaid Balance (UPB) in the pool
for the Origination Year Value.",monthlySFS_MBS SF PORTFOLIO - POOL SUPPLEMENTAL Layout V1.2.4 (Mar 2022 - Dec 2022).pdf,2022-03-01,2022-12-01,12
01,Record Type = 13,Character,2,,,"Refinance Type Stratification: Only for refinance loans (Loan
Purpose of 2)",monthlySFS_MBS SF PORTFOLIO - POOL SUPPLEMENTAL Layout V1.2.4 (Mar 2022 - Dec 2022).pdf,2022-03-01,2022-12-01,13
02,CUSIP,Character,9,,,"The unique identification number permanently assigned by
the Committee on Uniform Securities Identification
Procedures (CUSIP).",monthlySFS_MBS SF PORTFOLIO - POOL SUPPLEMENTAL Layout V1.2.4 (Mar 2022 - Dec 2022).pdf,2022-03-01,2022-12-01,13
03,Pool ID,Character,6,,,"The Ginnie Mae unique identifier for the pool; this is assigned
by Ginnie Mae at pool issuance.",monthlySFS_MBS SF PORTFOLIO - POOL SUPPLEMENTAL Layout V1.2.4 (Mar 2022 - Dec 2022).pdf,2022-03-01,2022-12-01,13
04,Pool Indicator,Character,1,,,"Identifies the Issue Type of the pool. Values are X, C, or M.",monthlySFS_MBS SF PORTFOLIO - POOL SUPPLEMENTAL Layout V1.2.4 (Mar 2022 - Dec 2022).pdf,2022-03-01,2022-12-01,13
05,Pool Type,Character,2,,,"The type of Ginnie Mae pool. Appendix 1 provides a listing of
pool types.",monthlySFS_MBS SF PORTFOLIO - POOL SUPPLEMENTAL Layout V1.2.4 (Mar 2022 - Dec 2022).pdf,2022-03-01,2022-12-01,13
06,Refinance Code,Numeric,1,,,"Values are:
1 = Not Streamlined, Not Cash Out
2 = Cash Out
3 = Streamlined
9 = Not Available",monthlySFS_MBS SF PORTFOLIO - POOL SUPPLEMENTAL Layout V1.2.4 (Mar 2022 - Dec 2022).pdf,2022-03-01,2022-12-01,13
07,Number of Loans,Numeric,6,,,"The number of loans in the pool for the Refinance Code
Value.",monthlySFS_MBS SF PORTFOLIO - POOL SUPPLEMENTAL Layout V1.2.4 (Mar 2022 - Dec 2022).pdf,2022-03-01,2022-12-01,13
08,% of Loans,Numeric,6,3.2,,"The percentage of the number of loans in the pool for the
Refinance Code Value.",monthlySFS_MBS SF PORTFOLIO - POOL SUPPLEMENTAL Layout V1.2.4 (Mar 2022 - Dec 2022).pdf,2022-03-01,2022-12-01,13
09,UPB,Numeric,16,13.2,,"The total Unpaid Balance (UPB) in the pool for the Refinance
Code Value.",monthlySFS_MBS SF PORTFOLIO - POOL SUPPLEMENTAL Layout V1.2.4 (Mar 2022 - Dec 2022).pdf,2022-03-01,2022-12-01,13
10,% of UPB,Numeric,6,3.2,,"The percentage of the total Unpaid Balance (UPB) in the pool
for the Refinance Code Value.",monthlySFS_MBS SF PORTFOLIO - POOL SUPPLEMENTAL Layout V1.2.4 (Mar 2022 - Dec 2022).pdf,2022-03-01,2022-12-01,13
01,Record Type = 14,Character,2,,,"Metropolitan Statistical Area (MSA) Stratification for each
MSA applicable to the pool.",monthlySFS_MBS SF PORTFOLIO - POOL SUPPLEMENTAL Layout V1.2.4 (Mar 2022 - Dec 2022).pdf,2022-03-01,2022-12-01,14
02,CUSIP,Character,9,,,"The unique identification number permanently assigned by
the Committee on Uniform Securities Identification
Procedures (CUSIP).",monthlySFS_MBS SF PORTFOLIO - POOL SUPPLEMENTAL Layout V1.2.4 (Mar 2022 - Dec 2022).pdf,2022-03-01,2022-12-01,14
03,Pool ID,Character,6,,,"The Ginnie Mae unique identifier for the pool; this is assigned
by Ginnie Mae at pool issuance.",monthlySFS_MBS SF PORTFOLIO - POOL SUPPLEMENTAL Layout V1.2.4 (Mar 2022 - Dec 2022).pdf,2022-03-01,2022-12-01,14
04,Pool Indicator,Character,1,,,"Identifies the Issue Type of the pool. Values are X, C, or M.",monthlySFS_MBS SF PORTFOLIO - POOL SUPPLEMENTAL Layout V1.2.4 (Mar 2022 - Dec 2022).pdf,2022-03-01,2022-12-01,14
05,Pool Type,Character,2,,,"The type of Ginnie Mae pool. Appendix 1 provides a listing of
pool types.",monthlySFS_MBS SF PORTFOLIO - POOL SUPPLEMENTAL Layout V1.2.4 (Mar 2022 - Dec 2022).pdf,2022-03-01,2022-12-01,14
06,MSA,Numeric,5,,,"The MSA values and the MSA Not Available are provided.
Values are:
• the MSA value
• 99999 = MSA Not Available",monthlySFS_MBS SF PORTFOLIO - POOL SUPPLEMENTAL Layout V1.2.4 (Mar 2022 - Dec 2022).pdf,2022-03-01,2022-12-01,14
07,Number of Loans,Numeric,6,,,The number of loans in the pool for the MSA Value.,monthlySFS_MBS SF PORTFOLIO - POOL SUPPLEMENTAL Layout V1.2.4 (Mar 2022 - Dec 2022).pdf,2022-03-01,2022-12-01,14
08,% of Loans,Numeric,6,3.2,,"The percentage of the number of loans in the pool for the
MSA Value.",monthlySFS_MBS SF PORTFOLIO - POOL SUPPLEMENTAL Layout V1.2.4 (Mar 2022 - Dec 2022).pdf,2022-03-01,2022-12-01,14
09,UPB,Numeric,16,13.2,,"The total Unpaid Balance (UPB) in the pool for the MSA
Value.",monthlySFS_MBS SF PORTFOLIO - POOL SUPPLEMENTAL Layout V1.2.4 (Mar 2022 - Dec 2022).pdf,2022-03-01,2022-12-01,14
10,% of UPB,Numeric,6,3.2,,"The percentage of the total Unpaid Balance (UPB) in the pool
for the MSA Value.",monthlySFS_MBS SF PORTFOLIO - POOL SUPPLEMENTAL Layout V1.2.4 (Mar 2022 - Dec 2022).pdf,2022-03-01,2022-12-01,14
01,Record Type = 15,Character,2,,,Property State Stratification,monthlySFS_MBS SF PORTFOLIO - POOL SUPPLEMENTAL Layout V1.2.4 (Mar 2022 - Dec 2022).pdf,2022-03-01,2022-12-01,15
02,CUSIP,Character,9,,,"The unique identification number permanently assigned by
the Committee on Uniform Securities Identification
Procedures (CUSIP).",monthlySFS_MBS SF PORTFOLIO - POOL SUPPLEMENTAL Layout V1.2.4 (Mar 2022 - Dec 2022).pdf,2022-03-01,2022-12-01,15
03,Pool ID,Character,6,,,"The Ginnie Mae unique identifier for the pool; this is assigned
by Ginnie Mae at pool issuance.",monthlySFS_MBS SF PORTFOLIO - POOL SUPPLEMENTAL Layout V1.2.4 (Mar 2022 - Dec 2022).pdf,2022-03-01,2022-12-01,15
04,Pool Indicator,Character,1,,,"Identifies the Issue Type of the pool. Values are X, C, or M.",monthlySFS_MBS SF PORTFOLIO - POOL SUPPLEMENTAL Layout V1.2.4 (Mar 2022 - Dec 2022).pdf,2022-03-01,2022-12-01,15
05,Pool Type,Character,2,,,"The type of Ginnie Mae pool. Appendix 1 provides a listing of
pool types.",monthlySFS_MBS SF PORTFOLIO - POOL SUPPLEMENTAL Layout V1.2.4 (Mar 2022 - Dec 2022).pdf,2022-03-01,2022-12-01,15
06,State Code,Character,2,,,"The abbreviation of the state or territory where the loan
property exists. See Appendix 2 for a listing of state codes.",monthlySFS_MBS SF PORTFOLIO - POOL SUPPLEMENTAL Layout V1.2.4 (Mar 2022 - Dec 2022).pdf,2022-03-01,2022-12-01,15
07,Number of Loans,Numeric,6,,,The number of loans in the pool for the State Code Value.,monthlySFS_MBS SF PORTFOLIO - POOL SUPPLEMENTAL Layout V1.2.4 (Mar 2022 - Dec 2022).pdf,2022-03-01,2022-12-01,15
08,% of Loans,Numeric,6,3.2,,"The percentage of the number of loans in the pool for the
State Code Value.",monthlySFS_MBS SF PORTFOLIO - POOL SUPPLEMENTAL Layout V1.2.4 (Mar 2022 - Dec 2022).pdf,2022-03-01,2022-12-01,15
09,UPB,Numeric,16,13.2,,"The total Unpaid Balance (UPB) in the pool for the State Code
Value.",monthlySFS_MBS SF PORTFOLIO - POOL SUPPLEMENTAL Layout V1.2.4 (Mar 2022 - Dec 2022).pdf,2022-03-01,2022-12-01,15
10,% of UPB,Numeric,6,3.2,,"The percentage of the total Unpaid Balance (UPB) in the pool
for the State Code Value.",monthlySFS_MBS SF PORTFOLIO - POOL SUPPLEMENTAL Layout V1.2.4 (Mar 2022 - Dec 2022).pdf,2022-03-01,2022-12-01,15
01,Record Type = 16,Character,2,,,"Upfront MIP Stratification: Applies only to FHA mortgage
insurance",monthlySFS_MBS SF PORTFOLIO - POOL SUPPLEMENTAL Layout V1.2.4 (Mar 2022 - Dec 2022).pdf,2022-03-01,2022-12-01,16
02,CUSIP,Character,9,,,"The unique identification number permanently assigned by
the Committee on Uniform Securities Identification
Procedures (CUSIP).",monthlySFS_MBS SF PORTFOLIO - POOL SUPPLEMENTAL Layout V1.2.4 (Mar 2022 - Dec 2022).pdf,2022-03-01,2022-12-01,16
03,Pool ID,Character,6,,,"The Ginnie Mae unique identifier for the pool; this is assigned
by Ginnie Mae at pool issuance.",monthlySFS_MBS SF PORTFOLIO - POOL SUPPLEMENTAL Layout V1.2.4 (Mar 2022 - Dec 2022).pdf,2022-03-01,2022-12-01,16
04,Pool Indicator,Character,1,,,"Identifies the Issue Type of the pool. Values are X, C, or M.",monthlySFS_MBS SF PORTFOLIO - POOL SUPPLEMENTAL Layout V1.2.4 (Mar 2022 - Dec 2022).pdf,2022-03-01,2022-12-01,16
05,Pool Type,Character,2,,,"The type of Ginnie Mae pool. Appendix 1 provides a listing of
pool types.",monthlySFS_MBS SF PORTFOLIO - POOL SUPPLEMENTAL Layout V1.2.4 (Mar 2022 - Dec 2022).pdf,2022-03-01,2022-12-01,16
06,Upfront MIP Rate,Numeric,3,,,"Values are FHA Upfront Mortgage Insurance Premium (MIP)
rates:
000 = 000 Basis Points (BPS)
001 = 001 BPS
050 = 050 BPS
100 = 100 BPS
125 = 125 BPS
150 = 150 BPS
175 = 175 BPS
200 = 200 BPS
225 = 225 BPS
240 = 240 BPS
250 = 250 BPS
300 = 300 BPS
380 = 380 BPS
999 = Not Available",monthlySFS_MBS SF PORTFOLIO - POOL SUPPLEMENTAL Layout V1.2.4 (Mar 2022 - Dec 2022).pdf,2022-03-01,2022-12-01,16
07,Number of Loans,Numeric,6,,,"The number of loans in the pool for the Upfront MIP Rate
Value.",monthlySFS_MBS SF PORTFOLIO - POOL SUPPLEMENTAL Layout V1.2.4 (Mar 2022 - Dec 2022).pdf,2022-03-01,2022-12-01,16
08,% of Loans,Numeric,6,3.2,,"The percentage of the number of loans in the pool for the
Upfront MIP Rate Value.",monthlySFS_MBS SF PORTFOLIO - POOL SUPPLEMENTAL Layout V1.2.4 (Mar 2022 - Dec 2022).pdf,2022-03-01,2022-12-01,16
01,Record Type = 17,Character,2,,,"Annual MIP Stratification: Applies only to FHA mortgage
insurance",monthlySFS_MBS SF PORTFOLIO - POOL SUPPLEMENTAL Layout V1.2.4 (Mar 2022 - Dec 2022).pdf,2022-03-01,2022-12-01,17
02,CUSIP,Character,9,,,"The unique identification number permanently assigned by
the Committee on Uniform Securities Identification
Procedures (CUSIP).",monthlySFS_MBS SF PORTFOLIO - POOL SUPPLEMENTAL Layout V1.2.4 (Mar 2022 - Dec 2022).pdf,2022-03-01,2022-12-01,17
03,Pool ID,Character,6,,,"The Ginnie Mae unique identifier for the pool; this is assigned
by Ginnie Mae at pool issuance.",monthlySFS_MBS SF PORTFOLIO - POOL SUPPLEMENTAL Layout V1.2.4 (Mar 2022 - Dec 2022).pdf,2022-03-01,2022-12-01,17
04,Pool Indicator,Character,1,,,"Identifies the Issue Type of the pool. Values are X, C, or M.",monthlySFS_MBS SF PORTFOLIO - POOL SUPPLEMENTAL Layout V1.2.4 (Mar 2022 - Dec 2022).pdf,2022-03-01,2022-12-01,17
05,Pool Type,Character,2,,,"The type of Ginnie Mae pool. Appendix 1 provides a listing of
pool types.",monthlySFS_MBS SF PORTFOLIO - POOL SUPPLEMENTAL Layout V1.2.4 (Mar 2022 - Dec 2022).pdf,2022-03-01,2022-12-01,17
06,Annual MIP Rate,Numeric,3,,,"Values are FHA Annual Mortgage Insurance Premium (MIP)
rates:
000 = 000 Basis Point (BPS)
025 = 25 BPS
035 = 35 BPS
045 = 45 BPS
050 = 50 BPS
055 = 55 BPS
060 = 60 BPS
070 = 70 BPS
075 = 75 BPS
080 = 80 BPS
085 = 85 BPS
090 = 90 BPS
095 = 95 BPS
100 = 100 BPS
105 = 105 BPS
110 = 110 BPS
115 = 115 BPS
120 = 120 BPS
125 = 125 BPS",monthlySFS_MBS SF PORTFOLIO - POOL SUPPLEMENTAL Layout V1.2.4 (Mar 2022 - Dec 2022).pdf,2022-03-01,2022-12-01,17
01,Record Type = 18,Character,2,,,"Pre-Modification Stratification; applies only if there are
modified loans in the pool (Loan Purpose of 3 or 4)",monthlySFS_MBS SF PORTFOLIO - POOL SUPPLEMENTAL Layout V1.2.4 (Mar 2022 - Dec 2022).pdf,2022-03-01,2022-12-01,18
02,CUSIP,Character,9,,,"The unique identification number permanently assigned by
the Committee on Uniform Securities Identification
Procedures (CUSIP).",monthlySFS_MBS SF PORTFOLIO - POOL SUPPLEMENTAL Layout V1.2.4 (Mar 2022 - Dec 2022).pdf,2022-03-01,2022-12-01,18
03,Pool ID,Character,6,,,"The Ginnie Mae unique identifier for the pool; this is assigned
by Ginnie Mae at pool issuance.",monthlySFS_MBS SF PORTFOLIO - POOL SUPPLEMENTAL Layout V1.2.4 (Mar 2022 - Dec 2022).pdf,2022-03-01,2022-12-01,18
04,Pool Indicator,Character,1,,,"Identifies the Issue Type of the pool. Values are X, C, or M.",monthlySFS_MBS SF PORTFOLIO - POOL SUPPLEMENTAL Layout V1.2.4 (Mar 2022 - Dec 2022).pdf,2022-03-01,2022-12-01,18
05,Pool Type,Character,2,,,"The type of Ginnie Mae pool. Appendix 1 provides a listing of
pool types.",monthlySFS_MBS SF PORTFOLIO - POOL SUPPLEMENTAL Layout V1.2.4 (Mar 2022 - Dec 2022).pdf,2022-03-01,2022-12-01,18
06,Pre-Modification,Numeric,1,,,"Values are:
1 = Pre-Modified First Payment Date
2 = Pre-Modified Original Principal Balance",monthlySFS_MBS SF PORTFOLIO - POOL SUPPLEMENTAL Layout V1.2.4 (Mar 2022 - Dec 2022).pdf,2022-03-01,2022-12-01,18
07,Number of Loans,Numeric,6,,,"The number of loans in the pool for the Pre-Modification
Value.",monthlySFS_MBS SF PORTFOLIO - POOL SUPPLEMENTAL Layout V1.2.4 (Mar 2022 - Dec 2022).pdf,2022-03-01,2022-12-01,18
08,% of Loans,Numeric,6,3.2,,"The percentage of the number of loans in the pool for the
Pre-Modification Value.",monthlySFS_MBS SF PORTFOLIO - POOL SUPPLEMENTAL Layout V1.2.4 (Mar 2022 - Dec 2022).pdf,2022-03-01,2022-12-01,18
09,UPB,Numeric,16,13.2,,"The total Unpaid Balance (UPB) in the pool for the Pre-
Modification Value.",monthlySFS_MBS SF PORTFOLIO - POOL SUPPLEMENTAL Layout V1.2.4 (Mar 2022 - Dec 2022).pdf,2022-03-01,2022-12-01,18
10,% of UPB,Numeric,6,3.2,,"The percentage of the total Unpaid Balance (UPB) in the pool
for the Pre-Modification Value.",monthlySFS_MBS SF PORTFOLIO - POOL SUPPLEMENTAL Layout V1.2.4 (Mar 2022 - Dec 2022).pdf,2022-03-01,2022-12-01,18
01,Record Type = 19,Character,2,,,Government Agency and Loan Purpose Stratification,monthlySFS_MBS SF PORTFOLIO - POOL SUPPLEMENTAL Layout V1.2.4 (Mar 2022 - Dec 2022).pdf,2022-03-01,2022-12-01,19
02,CUSIP,Character,9,,,"The unique identification number permanently assigned by
the Committee on Uniform Securities Identification
Procedures (CUSIP).",monthlySFS_MBS SF PORTFOLIO - POOL SUPPLEMENTAL Layout V1.2.4 (Mar 2022 - Dec 2022).pdf,2022-03-01,2022-12-01,19
03,Pool ID,Character,6,,,"The Ginnie Mae unique identifier for the pool; this is assigned
by Ginnie Mae at pool issuance.",monthlySFS_MBS SF PORTFOLIO - POOL SUPPLEMENTAL Layout V1.2.4 (Mar 2022 - Dec 2022).pdf,2022-03-01,2022-12-01,19
04,Pool Indicator,Character,1,,,"Identifies the Issue Type of the pool. Values are X, C, or M.",monthlySFS_MBS SF PORTFOLIO - POOL SUPPLEMENTAL Layout V1.2.4 (Mar 2022 - Dec 2022).pdf,2022-03-01,2022-12-01,19
05,Pool Type,Character,2,,,"The type of Ginnie Mae pool. Appendix 1 provides a listing of
pool types.",monthlySFS_MBS SF PORTFOLIO - POOL SUPPLEMENTAL Layout V1.2.4 (Mar 2022 - Dec 2022).pdf,2022-03-01,2022-12-01,19
06,Loan Type,Character,1,,,"This is the Federal government agency. Values are:
F = Federal Housing Administration
V = Veterans Administration
R = Rural Development
N = Native American Section 184
9 = Not Available",monthlySFS_MBS SF PORTFOLIO - POOL SUPPLEMENTAL Layout V1.2.4 (Mar 2022 - Dec 2022).pdf,2022-03-01,2022-12-01,19
07,Loan Purpose,Numeric,1,,,"Value 5 is in “RG” Pool Type pools only. Values are:
1 = Purchase
2 = Refinance
3 = Loan Modification (HAMP)
4 = Loan Modification (non-HAMP)
5 = Re-performing
9 = Not Available",monthlySFS_MBS SF PORTFOLIO - POOL SUPPLEMENTAL Layout V1.2.4 (Mar 2022 - Dec 2022).pdf,2022-03-01,2022-12-01,19
08,Number of Loans,Numeric,6,,,"The number of loans in the pool for the Loan Type
Value/Loan Purpose Value combination.",monthlySFS_MBS SF PORTFOLIO - POOL SUPPLEMENTAL Layout V1.2.4 (Mar 2022 - Dec 2022).pdf,2022-03-01,2022-12-01,19
09,% of Loans,Numeric,6,3.2,,"The percentage of the number of loans in the pool for the
Loan Type Value/Loan Purpose Value combination.",monthlySFS_MBS SF PORTFOLIO - POOL SUPPLEMENTAL Layout V1.2.4 (Mar 2022 - Dec 2022).pdf,2022-03-01,2022-12-01,19
10,UPB,Numeric,16,13.2,,"The total Unpaid Balance (UPB) in the pool for the Loan Type
Value/Loan Purpose Value combination.",monthlySFS_MBS SF PORTFOLIO - POOL SUPPLEMENTAL Layout V1.2.4 (Mar 2022 - Dec 2022).pdf,2022-03-01,2022-12-01,19
11,% of UPB,Numeric,6,3.2,,"The percentage of the total Unpaid Balance (UPB) in the pool
for the Loan Type Value/Loan Purpose Value combination.",monthlySFS_MBS SF PORTFOLIO - POOL SUPPLEMENTAL Layout V1.2.4 (Mar 2022 - Dec 2022).pdf,2022-03-01,2022-12-01,19
01,Record Type = 20,Character,2,,,Issuer Level Removals Stratification for Multiple Issuer Pools,monthlySFS_MBS SF PORTFOLIO - POOL SUPPLEMENTAL Layout V1.2.4 (Mar 2022 - Dec 2022).pdf,2022-03-01,2022-12-01,20
02,CUSIP,Character,9,,,"The unique identification number permanently assigned by
the Committee on Uniform Securities Identification
Procedures (CUSIP).",monthlySFS_MBS SF PORTFOLIO - POOL SUPPLEMENTAL Layout V1.2.4 (Mar 2022 - Dec 2022).pdf,2022-03-01,2022-12-01,20
03,Pool ID,Character,6,,,"The Ginnie Mae unique identifier for the pool; this is assigned
by Ginnie Mae at pool issuance.",monthlySFS_MBS SF PORTFOLIO - POOL SUPPLEMENTAL Layout V1.2.4 (Mar 2022 - Dec 2022).pdf,2022-03-01,2022-12-01,20
04,Pool Indicator = M,Character,1,,,"Identifies the Issue Type of the pool. Value is always M.
(always M for Record Type 20 Multi Issuer Pools )",monthlySFS_MBS SF PORTFOLIO - POOL SUPPLEMENTAL Layout V1.2.4 (Mar 2022 - Dec 2022).pdf,2022-03-01,2022-12-01,20
05,Pool Type,Character,2,,,"The type of Ginnie Mae pool. Appendix 1 provides a listing of
pool types.",monthlySFS_MBS SF PORTFOLIO - POOL SUPPLEMENTAL Layout V1.2.4 (Mar 2022 - Dec 2022).pdf,2022-03-01,2022-12-01,20
06,Issuer Number,Numeric,4,,,"A four-digit number which identifies the Issuer participating
in the Multiple Issuer Pool.",monthlySFS_MBS SF PORTFOLIO - POOL SUPPLEMENTAL Layout V1.2.4 (Mar 2022 - Dec 2022).pdf,2022-03-01,2022-12-01,20
07,Removal Type,Numeric,1,,,"This is a code of the reason for removal from the pool.
Values are:
1 = Mortgager Payoff
2 = Repurchase of Delinquent Loan
3 = Foreclosure with Claim Payment
4 = Loss Mitigation
5 = Substitution
6 = Other Removal",monthlySFS_MBS SF PORTFOLIO - POOL SUPPLEMENTAL Layout V1.2.4 (Mar 2022 - Dec 2022).pdf,2022-03-01,2022-12-01,20
08,Number of Loans,Numeric,6,,,"The number of loans in the pool for the Issuer Number
Value/Removal Type Value combination.",monthlySFS_MBS SF PORTFOLIO - POOL SUPPLEMENTAL Layout V1.2.4 (Mar 2022 - Dec 2022).pdf,2022-03-01,2022-12-01,20
09,% of Loans,Numeric,6,3.2,,"The percentage of the number of loans in the pool for the
Issuer Number Value/Removal Type Value combination.",monthlySFS_MBS SF PORTFOLIO - POOL SUPPLEMENTAL Layout V1.2.4 (Mar 2022 - Dec 2022).pdf,2022-03-01,2022-12-01,20
10,UPB,Numeric,16,13.2,,"The total Unpaid Balance (UPB) in the pool for the Issuer
Number Value/Removal Type Value combination.",monthlySFS_MBS SF PORTFOLIO - POOL SUPPLEMENTAL Layout V1.2.4 (Mar 2022 - Dec 2022).pdf,2022-03-01,2022-12-01,20
11,% of UPB,Numeric,6,3.2,,"The percentage of the total Unpaid Balance (UPB) in the pool
for the Issuer Number Value/Removal Type Value
combination.",monthlySFS_MBS SF PORTFOLIO - POOL SUPPLEMENTAL Layout V1.2.4 (Mar 2022 - Dec 2022).pdf,2022-03-01,2022-12-01,20
01,Record Type = 21,Character,2,,,"Issuer Level Government Agency Delinquency Stratification;
produced only for Multiple Issuer Pools",monthlySFS_MBS SF PORTFOLIO - POOL SUPPLEMENTAL Layout V1.2.4 (Mar 2022 - Dec 2022).pdf,2022-03-01,2022-12-01,21
02,CUSIP,Character,9,,,"The unique identification number permanently assigned by
the Committee on Uniform Securities Identification
Procedures (CUSIP).",monthlySFS_MBS SF PORTFOLIO - POOL SUPPLEMENTAL Layout V1.2.4 (Mar 2022 - Dec 2022).pdf,2022-03-01,2022-12-01,21
03,Pool ID,Character,6,,,"The Ginnie Mae unique identifier for the pool; this is assigned
by Ginnie Mae at pool issuance.",monthlySFS_MBS SF PORTFOLIO - POOL SUPPLEMENTAL Layout V1.2.4 (Mar 2022 - Dec 2022).pdf,2022-03-01,2022-12-01,21
04,Pool Indicator = M,Character,1,,,"Identifies the Issue Type of the pool. Value is always M.
(always M for Record Type 21 Multi Issuer Pools )",monthlySFS_MBS SF PORTFOLIO - POOL SUPPLEMENTAL Layout V1.2.4 (Mar 2022 - Dec 2022).pdf,2022-03-01,2022-12-01,21
05,Pool Type,Character,2,,,"The type of Ginnie Mae pool. Appendix 1 provides a listing of
pool types.",monthlySFS_MBS SF PORTFOLIO - POOL SUPPLEMENTAL Layout V1.2.4 (Mar 2022 - Dec 2022).pdf,2022-03-01,2022-12-01,21
06,Issuer Number,Numeric,4,,,"A four-digit number which identifies the Issuer participating
in the Multiple Issuer Pools.",monthlySFS_MBS SF PORTFOLIO - POOL SUPPLEMENTAL Layout V1.2.4 (Mar 2022 - Dec 2022).pdf,2022-03-01,2022-12-01,21
07,Loan Type,Character,1,,,"This is the Federal government agency. Values are:
F = Federal Housing Administration
V = Veterans Administration
R = Rural Development
N = Native American Section 184
A = All Agencies
9 = Not Available",monthlySFS_MBS SF PORTFOLIO - POOL SUPPLEMENTAL Layout V1.2.4 (Mar 2022 - Dec 2022).pdf,2022-03-01,2022-12-01,21
08,Delinquency,Numeric,1,,,"Values are:
1 = 1 Month
2 = 2 Months
3 = 3+ Months",monthlySFS_MBS SF PORTFOLIO - POOL SUPPLEMENTAL Layout V1.2.4 (Mar 2022 - Dec 2022).pdf,2022-03-01,2022-12-01,21
09,Number of Loans,Numeric,6,,,"The number of loans in the pool for the Issuer ID Value/Loan
Type Value/Delinquency Value combination.",monthlySFS_MBS SF PORTFOLIO - POOL SUPPLEMENTAL Layout V1.2.4 (Mar 2022 - Dec 2022).pdf,2022-03-01,2022-12-01,21
10,% of Loans,Numeric,6,3.2,,"The percentage of the number of loans in the pool for the
Issuer ID Value/Loan Type Value/Delinquency Value
combination.",monthlySFS_MBS SF PORTFOLIO - POOL SUPPLEMENTAL Layout V1.2.4 (Mar 2022 - Dec 2022).pdf,2022-03-01,2022-12-01,21
01,Record Type = 22,Character,2,,,Government Agency and Delinquency Stratification,monthlySFS_MBS SF PORTFOLIO - POOL SUPPLEMENTAL Layout V1.2.4 (Mar 2022 - Dec 2022).pdf,2022-03-01,2022-12-01,22
02,CUSIP,Character,9,,,"The unique identification number permanently assigned by
the Committee on Uniform Securities Identification
Procedures (CUSIP).",monthlySFS_MBS SF PORTFOLIO - POOL SUPPLEMENTAL Layout V1.2.4 (Mar 2022 - Dec 2022).pdf,2022-03-01,2022-12-01,22
03,Pool ID,Character,6,,,"The Ginnie Mae unique identifier for the pool; this is assigned
by Ginnie Mae at pool issuance.",monthlySFS_MBS SF PORTFOLIO - POOL SUPPLEMENTAL Layout V1.2.4 (Mar 2022 - Dec 2022).pdf,2022-03-01,2022-12-01,22
04,Pool Indicator,Character,1,,,"Identifies the Issue Type of the pool. Values are X, C, or M.",monthlySFS_MBS SF PORTFOLIO - POOL SUPPLEMENTAL Layout V1.2.4 (Mar 2022 - Dec 2022).pdf,2022-03-01,2022-12-01,22
05,Pool Type,Character,2,,,"The type of Ginnie Mae pool. Appendix 1 provides a listing of
pool types.",monthlySFS_MBS SF PORTFOLIO - POOL SUPPLEMENTAL Layout V1.2.4 (Mar 2022 - Dec 2022).pdf,2022-03-01,2022-12-01,22
06,Loan Type,Character,1,,,"This is the Federal government agency. Values are:
F = Federal Housing Administration
V = Veterans Administration
R = Rural Development
N = Native American Section 184
A = All Agencies
9 = Not Available",monthlySFS_MBS SF PORTFOLIO - POOL SUPPLEMENTAL Layout V1.2.4 (Mar 2022 - Dec 2022).pdf,2022-03-01,2022-12-01,22
07,Delinquency,Numeric,1,,,"Values are:
1 = 1 Month
2 = 2 Months
3 = 3+ Months",monthlySFS_MBS SF PORTFOLIO - POOL SUPPLEMENTAL Layout V1.2.4 (Mar 2022 - Dec 2022).pdf,2022-03-01,2022-12-01,22
08,Number of Loans,Numeric,6,,,"The number of loans in the pool for the Loan Type
Value/Delinquency Value combination.",monthlySFS_MBS SF PORTFOLIO - POOL SUPPLEMENTAL Layout V1.2.4 (Mar 2022 - Dec 2022).pdf,2022-03-01,2022-12-01,22
09,% of Loans,Numeric,6,3.2,,"The percentage of the number of loans in the pool for the
Loan Type Value/Delinquency Value combination.",monthlySFS_MBS SF PORTFOLIO - POOL SUPPLEMENTAL Layout V1.2.4 (Mar 2022 - Dec 2022).pdf,2022-03-01,2022-12-01,22
10,UPB,Numeric,16,13.2,,"The total Unpaid Balance (UPB) in the pool for the Loan Type
Value/Delinquency Value combination.",monthlySFS_MBS SF PORTFOLIO - POOL SUPPLEMENTAL Layout V1.2.4 (Mar 2022 - Dec 2022).pdf,2022-03-01,2022-12-01,22
11,% of UPB,Numeric,6,3.2,,"The percentage of the total Unpaid Balance (UPB) in the pool
for the Loan Type Value/Delinquency Value combination.",monthlySFS_MBS SF PORTFOLIO - POOL SUPPLEMENTAL Layout V1.2.4 (Mar 2022 - Dec 2022).pdf,2022-03-01,2022-12-01,22
01,Record Type = 23,Character,2,,,"Government Agency and Interest Buy Down Stratification.
Not applicable to ARM pools; record is only produced only for
Buydown loans.",monthlySFS_MBS SF PORTFOLIO - POOL SUPPLEMENTAL Layout V1.2.4 (Mar 2022 - Dec 2022).pdf,2022-03-01,2022-12-01,23
02,CUSIP,Character,9,,,"The unique identification number permanently assigned by
the Committee on Uniform Securities Identification
Procedures (CUSIP).",monthlySFS_MBS SF PORTFOLIO - POOL SUPPLEMENTAL Layout V1.2.4 (Mar 2022 - Dec 2022).pdf,2022-03-01,2022-12-01,23
03,Pool ID,Character,6,,,"The Ginnie Mae unique identifier for the pool; this is assigned
by Ginnie Mae at pool issuance.",monthlySFS_MBS SF PORTFOLIO - POOL SUPPLEMENTAL Layout V1.2.4 (Mar 2022 - Dec 2022).pdf,2022-03-01,2022-12-01,23
04,Pool Indicator,Character,1,,,"Identifies the Issue Type of the pool. Values are X, C, or M.",monthlySFS_MBS SF PORTFOLIO - POOL SUPPLEMENTAL Layout V1.2.4 (Mar 2022 - Dec 2022).pdf,2022-03-01,2022-12-01,23
05,Pool Type,Character,2,,,"The type of Ginnie Mae pool. Appendix 1 provides a listing of
pool types.",monthlySFS_MBS SF PORTFOLIO - POOL SUPPLEMENTAL Layout V1.2.4 (Mar 2022 - Dec 2022).pdf,2022-03-01,2022-12-01,23
06,Loan Type,Character,1,,,"This is the Federal government agency. Values are:
F = Federal Housing Administration
V = Veterans Administration
R = Rural Development
N = Native American Section 184
9 = Not Available",monthlySFS_MBS SF PORTFOLIO - POOL SUPPLEMENTAL Layout V1.2.4 (Mar 2022 - Dec 2022).pdf,2022-03-01,2022-12-01,23
07,Buydown Status,Numeric,1,,,"Values are:
1 = Buydown Loan
2 = Not Buydown Loan
9 = Not Available",monthlySFS_MBS SF PORTFOLIO - POOL SUPPLEMENTAL Layout V1.2.4 (Mar 2022 - Dec 2022).pdf,2022-03-01,2022-12-01,23
08,Number of Loans,Numeric,6,,,"The number of loans in the pool for the Loan Type
Value/Buydown Status Value combination.",monthlySFS_MBS SF PORTFOLIO - POOL SUPPLEMENTAL Layout V1.2.4 (Mar 2022 - Dec 2022).pdf,2022-03-01,2022-12-01,23
09,% of Loans,Numeric,6,3.2,,"The percentage of the number of loans in the pool for the
Loan Type Value/Buydown Status Value combination.",monthlySFS_MBS SF PORTFOLIO - POOL SUPPLEMENTAL Layout V1.2.4 (Mar 2022 - Dec 2022).pdf,2022-03-01,2022-12-01,23
10,UPB,Numeric,16,13.2,,"The total Unpaid Balance (UPB) in the pool for the Loan Type
Value/Buydown Status Value combination.",monthlySFS_MBS SF PORTFOLIO - POOL SUPPLEMENTAL Layout V1.2.4 (Mar 2022 - Dec 2022).pdf,2022-03-01,2022-12-01,23
11,% of UPB,Numeric,6,3.2,,"The percentage of the total Unpaid Balance (UPB) in the pool
for the Loan Type Value/Buydown Status Value combination.",monthlySFS_MBS SF PORTFOLIO - POOL SUPPLEMENTAL Layout V1.2.4 (Mar 2022 - Dec 2022).pdf,2022-03-01,2022-12-01,23
01,Record Type = 24,Character,2,,,Not Available Stratification,monthlySFS_MBS SF PORTFOLIO - POOL SUPPLEMENTAL Layout V1.2.4 (Mar 2022 - Dec 2022).pdf,2022-03-01,2022-12-01,24
02,CUSIP,Character,9,,,"The unique identification number permanently assigned by
the Committee on Uniform Securities Identification
Procedures (CUSIP).",monthlySFS_MBS SF PORTFOLIO - POOL SUPPLEMENTAL Layout V1.2.4 (Mar 2022 - Dec 2022).pdf,2022-03-01,2022-12-01,24
03,Pool ID,Character,6,,,"The Ginnie Mae unique identifier for the pool; this is assigned
by Ginnie Mae at pool issuance.",monthlySFS_MBS SF PORTFOLIO - POOL SUPPLEMENTAL Layout V1.2.4 (Mar 2022 - Dec 2022).pdf,2022-03-01,2022-12-01,24
04,Pool Indicator,Character,1,,,"Identifies the Issue Type of the pool. Values are X, C, or M.",monthlySFS_MBS SF PORTFOLIO - POOL SUPPLEMENTAL Layout V1.2.4 (Mar 2022 - Dec 2022).pdf,2022-03-01,2022-12-01,24
05,Pool Type,Character,2,,,"The type of Ginnie Mae pool. Appendix 1 provides a listing of
pool types.",monthlySFS_MBS SF PORTFOLIO - POOL SUPPLEMENTAL Layout V1.2.4 (Mar 2022 - Dec 2022).pdf,2022-03-01,2022-12-01,24
06,Not Available,Numeric,2,,,"Values are:
1 = Loan to Value (LTV) Not Available
2 = Combined Loan to Value (CLTV) Not Available
3 = Debt Income Ratio Not Available
4 = Credit Score Not Available",monthlySFS_MBS SF PORTFOLIO - POOL SUPPLEMENTAL Layout V1.2.4 (Mar 2022 - Dec 2022).pdf,2022-03-01,2022-12-01,24
07,Number of Loans,Numeric,6,,,The number of loans in the pool for the Not Available Value.,monthlySFS_MBS SF PORTFOLIO - POOL SUPPLEMENTAL Layout V1.2.4 (Mar 2022 - Dec 2022).pdf,2022-03-01,2022-12-01,24
08,% of Loans,Numeric,6,3.2,,"The percentage of the number of loans in the pool for the Not
Available Value.",monthlySFS_MBS SF PORTFOLIO - POOL SUPPLEMENTAL Layout V1.2.4 (Mar 2022 - Dec 2022).pdf,2022-03-01,2022-12-01,24
09,UPB,Numeric,16,13.2,,"The total Unpaid Balance (UPB) in the pool for the Not
Available Value.",monthlySFS_MBS SF PORTFOLIO - POOL SUPPLEMENTAL Layout V1.2.4 (Mar 2022 - Dec 2022).pdf,2022-03-01,2022-12-01,24
10,% of UPB,Numeric,6,3.2,,"The percentage of the total Unpaid Balance (UPB) in the pool
for the Not Available Value.",monthlySFS_MBS SF PORTFOLIO - POOL SUPPLEMENTAL Layout V1.2.4 (Mar 2022 - Dec 2022).pdf,2022-03-01,2022-12-01,24
01,Record Type = 25,Character,2,,,"Low and Moderate Income Area Stratification as defined by
the Department of Housing and Urban Development (HUD).",monthlySFS_MBS SF PORTFOLIO - POOL SUPPLEMENTAL Layout V1.2.4 (Mar 2022 - Dec 2022).pdf,2022-03-01,2022-12-01,25
02,CUSIP,Character,9,,,"The unique identification number permanently assigned by
the Committee on Uniform Securities Identification
Procedures (CUSIP).",monthlySFS_MBS SF PORTFOLIO - POOL SUPPLEMENTAL Layout V1.2.4 (Mar 2022 - Dec 2022).pdf,2022-03-01,2022-12-01,25
03,Pool ID,Character,6,,,"The Ginnie Mae unique identifier for the pool; this is assigned
by Ginnie Mae at pool issuance.",monthlySFS_MBS SF PORTFOLIO - POOL SUPPLEMENTAL Layout V1.2.4 (Mar 2022 - Dec 2022).pdf,2022-03-01,2022-12-01,25
04,Pool Indicator,Character,1,,,"Identifies the Issue Type of the pool. Values are X, C, or M.",monthlySFS_MBS SF PORTFOLIO - POOL SUPPLEMENTAL Layout V1.2.4 (Mar 2022 - Dec 2022).pdf,2022-03-01,2022-12-01,25
05,Pool Type,Character,2,,,"The type of Ginnie Mae pool. Appendix 1 provides a listing of
pool types.",monthlySFS_MBS SF PORTFOLIO - POOL SUPPLEMENTAL Layout V1.2.4 (Mar 2022 - Dec 2022).pdf,2022-03-01,2022-12-01,25
06,Low and Moderate Income Area,Character,1,,,"Value is:
Y = Property is in a Low and Moderate Income Area",monthlySFS_MBS SF PORTFOLIO - POOL SUPPLEMENTAL Layout V1.2.4 (Mar 2022 - Dec 2022).pdf,2022-03-01,2022-12-01,25
07,Number of Loans,Numeric,6,,,"The number of loans in the pool for the Low and Moderate
Income Area Value.",monthlySFS_MBS SF PORTFOLIO - POOL SUPPLEMENTAL Layout V1.2.4 (Mar 2022 - Dec 2022).pdf,2022-03-01,2022-12-01,25
08,% of Loans,Numeric,6,3.2,,"The percentage of the number of loans in the pool for the
Low and Moderate Income Area Value.",monthlySFS_MBS SF PORTFOLIO - POOL SUPPLEMENTAL Layout V1.2.4 (Mar 2022 - Dec 2022).pdf,2022-03-01,2022-12-01,25
09,UPB,Numeric,16,13.2,,"The total Unpaid Balance (UPB) in the pool for the Low and
Moderate Income Area Value.",monthlySFS_MBS SF PORTFOLIO - POOL SUPPLEMENTAL Layout V1.2.4 (Mar 2022 - Dec 2022).pdf,2022-03-01,2022-12-01,25
10,% of UPB,Numeric,6,3.2,,"The percentage of the total Unpaid Balance (UPB) in the pool
for the Low and Moderate Income Area Value.",monthlySFS_MBS SF PORTFOLIO - POOL SUPPLEMENTAL Layout V1.2.4 (Mar 2022 - Dec 2022).pdf,2022-03-01,2022-12-01,25
01,Record Type = 26,Character,2,,,"Re-Pooled Loans Stratification. Pools with re-pooled loans,
i.e. currently active loans in the pool that were previously
liquidated from another Ginnie Mae pool.",monthlySFS_MBS SF PORTFOLIO - POOL SUPPLEMENTAL Layout V1.2.4 (Mar 2022 - Dec 2022).pdf,2022-03-01,2022-12-01,26
02,CUSIP,Character,9,,,"The unique identification number permanently assigned by
the Committee on Uniform Securities Identification
Procedures (CUSIP).",monthlySFS_MBS SF PORTFOLIO - POOL SUPPLEMENTAL Layout V1.2.4 (Mar 2022 - Dec 2022).pdf,2022-03-01,2022-12-01,26
03,Pool ID,Character,6,,,"The Ginnie Mae unique identifier for the pool; this is assigned
by Ginnie Mae at pool issuance.",monthlySFS_MBS SF PORTFOLIO - POOL SUPPLEMENTAL Layout V1.2.4 (Mar 2022 - Dec 2022).pdf,2022-03-01,2022-12-01,26
04,Pool Indicator,Character,1,,,"Identifies the Issue Type of the pool. Values are X, C, or M.",monthlySFS_MBS SF PORTFOLIO - POOL SUPPLEMENTAL Layout V1.2.4 (Mar 2022 - Dec 2022).pdf,2022-03-01,2022-12-01,26
05,Pool Type,Character,2,,,"The type of Ginnie Mae pool. Appendix 1 provides a listing of
pool types.",monthlySFS_MBS SF PORTFOLIO - POOL SUPPLEMENTAL Layout V1.2.4 (Mar 2022 - Dec 2022).pdf,2022-03-01,2022-12-01,26
06,Re-Pooled Loans,Character,1,,,"Value is:
Y = Re-Pooled Loans",monthlySFS_MBS SF PORTFOLIO - POOL SUPPLEMENTAL Layout V1.2.4 (Mar 2022 - Dec 2022).pdf,2022-03-01,2022-12-01,26
07,Number of Loans,Numeric,6,,,The number of Re-Pooled loans in the pool.,monthlySFS_MBS SF PORTFOLIO - POOL SUPPLEMENTAL Layout V1.2.4 (Mar 2022 - Dec 2022).pdf,2022-03-01,2022-12-01,26
08,% of Loans,Numeric,6,3.2,,The percentage of the number of Re-Pooled loans in the pool.,monthlySFS_MBS SF PORTFOLIO - POOL SUPPLEMENTAL Layout V1.2.4 (Mar 2022 - Dec 2022).pdf,2022-03-01,2022-12-01,26
09,UPB,Numeric,16,13.2,,"The total Unpaid Balance (UPB) of Re-Pooled loans in the
pool.",monthlySFS_MBS SF PORTFOLIO - POOL SUPPLEMENTAL Layout V1.2.4 (Mar 2022 - Dec 2022).pdf,2022-03-01,2022-12-01,26
10,% of UPB,Numeric,6,3.2,,"The percentage of the total Unpaid Balance (UPB) of Re-
Pooled loans in the pool.",monthlySFS_MBS SF PORTFOLIO - POOL SUPPLEMENTAL Layout V1.2.4 (Mar 2022 - Dec 2022).pdf,2022-03-01,2022-12-01,26
01,Record Type = 27,Character,2,,,"Partial Claims Stratification: Applies for active loans in the
pool that have had an FHA Partial Claims paid (applies for
partial claims paid December 2016 and thereafter).",monthlySFS_MBS SF PORTFOLIO - POOL SUPPLEMENTAL Layout V1.2.4 (Mar 2022 - Dec 2022).pdf,2022-03-01,2022-12-01,27
02,CUSIP,Character,9,,,"The unique identification number permanently assigned by
the Committee on Uniform Securities Identification
Procedures (CUSIP).",monthlySFS_MBS SF PORTFOLIO - POOL SUPPLEMENTAL Layout V1.2.4 (Mar 2022 - Dec 2022).pdf,2022-03-01,2022-12-01,27
03,Pool ID,Character,6,,,"The Ginnie Mae unique identifier for the pool; this is assigned
by Ginnie Mae at pool issuance.",monthlySFS_MBS SF PORTFOLIO - POOL SUPPLEMENTAL Layout V1.2.4 (Mar 2022 - Dec 2022).pdf,2022-03-01,2022-12-01,27
04,Pool Indicator,Character,1,,,"Identifies the Issue Type of the pool. Values are X, C, or M.",monthlySFS_MBS SF PORTFOLIO - POOL SUPPLEMENTAL Layout V1.2.4 (Mar 2022 - Dec 2022).pdf,2022-03-01,2022-12-01,27
05,Pool Type,Character,2,,,"The type of Ginnie Mae pool. Appendix 1 provides a listing of
pool types.",monthlySFS_MBS SF PORTFOLIO - POOL SUPPLEMENTAL Layout V1.2.4 (Mar 2022 - Dec 2022).pdf,2022-03-01,2022-12-01,27
06,FHA Partial Claims,Character,1,,,"Value is:
Y = Pool contains FHA Partial Claim(s) data",monthlySFS_MBS SF PORTFOLIO - POOL SUPPLEMENTAL Layout V1.2.4 (Mar 2022 - Dec 2022).pdf,2022-03-01,2022-12-01,27
07,Number of Loans,Numeric,6,,,"The number of loans in the pool for the FHA Partial Claims
Value.",monthlySFS_MBS SF PORTFOLIO - POOL SUPPLEMENTAL Layout V1.2.4 (Mar 2022 - Dec 2022).pdf,2022-03-01,2022-12-01,27
08,% of Loans,Numeric,6,3.2,,"The percentage of the number of loans in the pool for the
FHA Partial Claims Value.",monthlySFS_MBS SF PORTFOLIO - POOL SUPPLEMENTAL Layout V1.2.4 (Mar 2022 - Dec 2022).pdf,2022-03-01,2022-12-01,27
09,UPB,Numeric,16,13.2,,"The total Unpaid Balance (UPB) in the pool for the FHA Partial
Claims Value.",monthlySFS_MBS SF PORTFOLIO - POOL SUPPLEMENTAL Layout V1.2.4 (Mar 2022 - Dec 2022).pdf,2022-03-01,2022-12-01,27
10,% of UPB,Numeric,6,3.2,,"The percentage of the total Unpaid Balance (UPB) in the pool
for the FHA Partial Claims Value.",monthlySFS_MBS SF PORTFOLIO - POOL SUPPLEMENTAL Layout V1.2.4 (Mar 2022 - Dec 2022).pdf,2022-03-01,2022-12-01,27
01,Record Type = TS,Character,2,,,File Trailer Record,monthlySFS_MBS SF PORTFOLIO - POOL SUPPLEMENTAL Layout V1.2.4 (Mar 2022 - Dec 2022).pdf,2022-03-01,2022-12-01,TS
02,Reporting Period,Numeric,6,YYYYMM,,The monthly reporting period for the data in the file.,monthlySFS_MBS SF PORTFOLIO - POOL SUPPLEMENTAL Layout V1.2.4 (Mar 2022 - Dec 2022).pdf,2022-03-01,2022-12-01,TS
03,File Create Date,Date,8,YYYYMMDD,,The date that the file is produced.,monthlySFS_MBS SF PORTFOLIO - POOL SUPPLEMENTAL Layout V1.2.4 (Mar 2022 - Dec 2022).pdf,2022-03-01,2022-12-01,TS
04,Detail Record Count,Numeric,12,,,"Control total of the total number of SF Pool Supplemental
records in the file. This count will not include HS or TS
records.",monthlySFS_MBS SF PORTFOLIO - POOL SUPPLEMENTAL Layout V1.2.4 (Mar 2022 - Dec 2022).pdf,2022-03-01,2022-12-01,TS
